dataset,version,representation,encoder_mode,freeze_autoencoder,freeze_esm2,autoencoder_version,head_type,seed,phase,learning_rate,weight_decay,dropout,autoencoder_embedding_dropout,esm_embedding_dropout,status,run_dir,checkpoint_dir,error,selection_epoch,best_val_f1,val_loss_at_selection,val_accuracy_at_selection,encoder_lr_partition,phase_partition
solubility,v5,esm2,frozen,True,True,,linear,42,tuning,0.0001,0.0,,0.0,0.0,complete,Code/results/classifier/solubility/v5/frozen/tuning/linear/esm2/lr_1e-4_wd_0_seed_42,/home/ubuntu/protein-sequence-augmentation/checkpoints/classifier/solubility/v5/frozen/tuning/linear/esm2/lr_1e-4_wd_0_seed_42,,24.0,0.5353455123113582,0.6061419715664291,0.6629213483146067,encoder_lr_1e-4,frozen
solubility,v5,esm2,frozen,True,True,,linear,42,tuning,0.0001,0.0001,,0.0,0.0,complete,Code/results/classifier/solubility/v5/frozen/tuning/linear/esm2/lr_1e-4_wd_1e-4_seed_42,/home/ubuntu/protein-sequence-augmentation/checkpoints/classifier/solubility/v5/frozen/tuning/linear/esm2/lr_1e-4_wd_1e-4_seed_42,,29.0,0.5342685370741483,0.605311924529948,0.6652261596081821,encoder_lr_1e-4,frozen
solubility,v5,esm2,frozen,True,True,,mlp,42,tuning,0.0001,0.0,0.1,0.0,0.0,complete,Code/results/classifier/solubility/v5/frozen/tuning/mlp/esm2/lr_1e-4_wd_0_do_0.1_seed_42,/home/ubuntu/protein-sequence-augmentation/checkpoints/classifier/solubility/v5/frozen/tuning/mlp/esm2/lr_1e-4_wd_0_do_0.1_seed_42,,20.0,0.6397803329328986,0.5654984237446423,0.6976375684240853,encoder_lr_1e-4,frozen
solubility,v5,esm2,frozen,True,True,,mlp,42,tuning,0.0001,0.0,0.3,0.0,0.0,complete,Code/results/classifier/solubility/v5/frozen/tuning/mlp/esm2/lr_1e-4_wd_0_do_0.3_seed_42,/home/ubuntu/protein-sequence-augmentation/checkpoints/classifier/solubility/v5/frozen/tuning/mlp/esm2/lr_1e-4_wd_0_do_0.3_seed_42,,20.0,0.6330483336241494,0.5666961281658833,0.6970613656006914,encoder_lr_1e-4,frozen
solubility,v5,esm2,frozen,True,True,,mlp,42,tuning,0.0001,0.0001,0.1,0.0,0.0,complete,Code/results/classifier/solubility/v5/frozen/tuning/mlp/esm2/lr_1e-4_wd_1e-4_do_0.1_seed_42,/home/ubuntu/protein-sequence-augmentation/checkpoints/classifier/solubility/v5/frozen/tuning/mlp/esm2/lr_1e-4_wd_1e-4_do_0.1_seed_42,,20.0,0.6378896882494005,0.5687197249858189,0.6954768078363583,encoder_lr_1e-4,frozen
solubility,v5,esm2,frozen,True,True,,mlp,42,tuning,0.0001,0.0001,0.3,0.0,0.0,complete,Code/results/classifier/solubility/v5/frozen/tuning/mlp/esm2/lr_1e-4_wd_1e-4_do_0.3_seed_42,/home/ubuntu/protein-sequence-augmentation/checkpoints/classifier/solubility/v5/frozen/tuning/mlp/esm2/lr_1e-4_wd_1e-4_do_0.3_seed_42,,20.0,0.629874651810585,0.5704278443979963,0.6937481993661769,encoder_lr_1e-4,frozen
solubility,v5,trained_autoencoder,frozen,True,True,v5,linear,42,tuning,0.0001,0.0,,0.0,0.0,complete,Code/results/classifier/solubility/v5/frozen/tuning/linear/trained_autoencoder/lr_1e-4_wd_0_seed_42,/home/ubuntu/protein-sequence-augmentation/checkpoints/classifier/solubility/v5/frozen/tuning/linear/trained_autoencoder/lr_1e-4_wd_0_seed_42,,18.0,0.6058760300967395,0.5791205823747749,0.683088447133391,encoder_lr_1e-4,frozen
solubility,v5,trained_autoencoder,frozen,True,True,v5,linear,42,tuning,0.0001,0.0001,,0.0,0.0,complete,Code/results/classifier/solubility/v5/frozen/tuning/linear/trained_autoencoder/lr_1e-4_wd_1e-4_seed_42,/home/ubuntu/protein-sequence-augmentation/checkpoints/classifier/solubility/v5/frozen/tuning/linear/trained_autoencoder/lr_1e-4_wd_1e-4_seed_42,,24.0,0.6055934026532808,0.5784015940919248,0.683088447133391,encoder_lr_1e-4,frozen
solubility,v5,trained_autoencoder,frozen,True,True,v5,mlp,42,tuning,0.0001,0.0,0.1,0.0,0.0,complete,Code/results/classifier/solubility/v5/frozen/tuning/mlp/trained_autoencoder/lr_1e-4_wd_0_do_0.1_seed_42,/home/ubuntu/protein-sequence-augmentation/checkpoints/classifier/solubility/v5/frozen/tuning/mlp/trained_autoencoder/lr_1e-4_wd_0_do_0.1_seed_42,,15.0,0.6791814645695924,0.5393034053600958,0.7267358110054739,encoder_lr_1e-4,frozen
solubility,v5,trained_autoencoder,frozen,True,True,v5,mlp,42,tuning,0.0001,0.0,0.3,0.0,0.0,complete,Code/results/classifier/solubility/v5/frozen/tuning/mlp/trained_autoencoder/lr_1e-4_wd_0_do_0.3_seed_42,/home/ubuntu/protein-sequence-augmentation/checkpoints/classifier/solubility/v5/frozen/tuning/mlp/trained_autoencoder/lr_1e-4_wd_0_do_0.3_seed_42,,15.0,0.6779135823721811,0.5273827267239191,0.7304811293575338,encoder_lr_1e-4,frozen
solubility,v5,trained_autoencoder,frozen,True,True,v5,mlp,42,tuning,0.0001,0.0001,0.1,0.0,0.0,complete,Code/results/classifier/solubility/v5/frozen/tuning/mlp/trained_autoencoder/lr_1e-4_wd_1e-4_do_0.1_seed_42,/home/ubuntu/protein-sequence-augmentation/checkpoints/classifier/solubility/v5/frozen/tuning/mlp/trained_autoencoder/lr_1e-4_wd_1e-4_do_0.1_seed_42,,15.0,0.6786379806877859,0.5354122722038993,0.7267358110054739,encoder_lr_1e-4,frozen
solubility,v5,trained_autoencoder,frozen,True,True,v5,mlp,42,tuning,0.0001,0.0001,0.3,0.0,0.0,complete,Code/results/classifier/solubility/v5/frozen/tuning/mlp/trained_autoencoder/lr_1e-4_wd_1e-4_do_0.3_seed_42,/home/ubuntu/protein-sequence-augmentation/checkpoints/classifier/solubility/v5/frozen/tuning/mlp/trained_autoencoder/lr_1e-4_wd_1e-4_do_0.3_seed_42,,15.0,0.6772413793103448,0.5256702555115441,0.7303370786516854,encoder_lr_1e-4,frozen
solubility,v5,trained_autoencoder+esm2,frozen,True,True,v5,linear,42,tuning,0.0001,0.0,,0.0,0.0,complete,Code/results/classifier/solubility/v5/frozen/tuning/linear/trained_autoencoder+esm2/lr_1e-4_wd_0_seed_42,/home/ubuntu/protein-sequence-augmentation/checkpoints/classifier/solubility/v5/frozen/tuning/linear/trained_autoencoder+esm2/lr_1e-4_wd_0_seed_42,,20.0,0.6677852348993288,0.5432286848083624,0.7147796024200519,encoder_lr_1e-4,frozen
solubility,v5,trained_autoencoder+esm2,frozen,True,True,v5,linear,42,tuning,0.0001,0.0001,,0.0,0.0,complete,Code/results/classifier/solubility/v5/frozen/tuning/linear/trained_autoencoder+esm2/lr_1e-4_wd_1e-4_seed_42,/home/ubuntu/protein-sequence-augmentation/checkpoints/classifier/solubility/v5/frozen/tuning/linear/trained_autoencoder+esm2/lr_1e-4_wd_1e-4_seed_42,,20.0,0.6675607711651299,0.5432831379014798,0.7143474503025065,encoder_lr_1e-4,frozen
solubility,v5,trained_autoencoder+esm2,frozen,True,True,v5,mlp,42,tuning,0.0001,0.0,0.1,0.0,0.0,complete,Code/results/classifier/solubility/v5/frozen/tuning/mlp/trained_autoencoder+esm2/lr_1e-4_wd_0_do_0.1_seed_42,/home/ubuntu/protein-sequence-augmentation/checkpoints/classifier/solubility/v5/frozen/tuning/mlp/trained_autoencoder+esm2/lr_1e-4_wd_0_do_0.1_seed_42,,4.0,0.696671839972409,0.5021702172827631,0.7466148084125612,encoder_lr_1e-4,frozen
solubility,v5,trained_autoencoder+esm2,frozen,True,True,v5,mlp,42,tuning,0.0001,0.0,0.3,0.0,0.0,complete,Code/results/classifier/solubility/v5/frozen/tuning/mlp/trained_autoencoder+esm2/lr_1e-4_wd_0_do_0.3_seed_42,/home/ubuntu/protein-sequence-augmentation/checkpoints/classifier/solubility/v5/frozen/tuning/mlp/trained_autoencoder+esm2/lr_1e-4_wd_0_do_0.3_seed_42,,5.0,0.6941484716157206,0.4964666905611951,0.7477672140593489,encoder_lr_1e-4,frozen
solubility,v5,trained_autoencoder+esm2,frozen,True,True,v5,mlp,42,tuning,0.0001,0.0001,0.1,0.0,0.0,complete,Code/results/classifier/solubility/v5/frozen/tuning/mlp/trained_autoencoder+esm2/lr_1e-4_wd_1e-4_do_0.1_seed_42,/home/ubuntu/protein-sequence-augmentation/checkpoints/classifier/solubility/v5/frozen/tuning/mlp/trained_autoencoder+esm2/lr_1e-4_wd_1e-4_do_0.1_seed_42,,4.0,0.6979220333161601,0.5016640947878928,0.7466148084125612,encoder_lr_1e-4,frozen
solubility,v5,trained_autoencoder+esm2,frozen,True,True,v5,mlp,42,tuning,0.0001,0.0001,0.3,0.0,0.0,complete,Code/results/classifier/solubility/v5/frozen/tuning/mlp/trained_autoencoder+esm2/lr_1e-4_wd_1e-4_do_0.3_seed_42,/home/ubuntu/protein-sequence-augmentation/checkpoints/classifier/solubility/v5/frozen/tuning/mlp/trained_autoencoder+esm2/lr_1e-4_wd_1e-4_do_0.3_seed_42,,4.0,0.6931995154871085,0.4978988760831685,0.7445980985306828,encoder_lr_1e-4,frozen
solubility,v5,esm2,fine_tuned,True,False,,linear,42,end_to_end_tuning,0.0001,0.0,,0.0,0.0,complete,Code/results/classifier/solubility/v5/unfrozen/tuning/linear/esm2/lr_1e-4_wd_0_ae_do_0_esm_do_0_seed_42,/home/ubuntu/protein-sequence-augmentation/checkpoints/classifier/solubility/v5/unfrozen/tuning/linear/esm2/lr_1e-4_wd_0_ae_do_0_esm_do_0_seed_42,,3.0,0.716087782961811,0.4613987974579964,0.7633246902909824,encoder_lr_1e-4,unfrozen
solubility,v5,esm2,fine_tuned,True,False,,linear,42,end_to_end_tuning,0.0001,0.0,,0.0,0.1,complete,Code/results/classifier/solubility/v5/unfrozen/tuning/linear/esm2/lr_1e-4_wd_0_ae_do_0_esm_do_0.1_seed_42,/home/ubuntu/protein-sequence-augmentation/checkpoints/classifier/solubility/v5/unfrozen/tuning/linear/esm2/lr_1e-4_wd_0_ae_do_0_esm_do_0.1_seed_42,,3.0,0.7221943468807492,0.4718167770324472,0.7607317775857102,encoder_lr_1e-4,unfrozen
solubility,v5,esm2,fine_tuned,True,False,,linear,42,end_to_end_tuning,0.0001,0.0001,,0.0,0.0,complete,Code/results/classifier/solubility/v5/unfrozen/tuning/linear/esm2/lr_1e-4_wd_1e-4_ae_do_0_esm_do_0_seed_42,/home/ubuntu/protein-sequence-augmentation/checkpoints/classifier/solubility/v5/unfrozen/tuning/linear/esm2/lr_1e-4_wd_1e-4_ae_do_0_esm_do_0_seed_42,,3.0,0.6959001782531195,0.4737004783767611,0.7542494958225295,encoder_lr_1e-4,unfrozen
solubility,v5,esm2,fine_tuned,True,False,,linear,42,end_to_end_tuning,0.0001,0.0001,,0.0,0.1,complete,Code/results/classifier/solubility/v5/unfrozen/tuning/linear/esm2/lr_1e-4_wd_1e-4_ae_do_0_esm_do_0.1_seed_42,/home/ubuntu/protein-sequence-augmentation/checkpoints/classifier/solubility/v5/unfrozen/tuning/linear/esm2/lr_1e-4_wd_1e-4_ae_do_0_esm_do_0.1_seed_42,,8.0,0.7169620253164557,0.4789134593097183,0.7584269662921348,encoder_lr_1e-4,unfrozen
solubility,v5,esm2,fine_tuned,True,False,,mlp,42,end_to_end_tuning,0.0001,0.0,0.1,0.0,0.0,complete,Code/results/classifier/solubility/v5/unfrozen/tuning/mlp/esm2/lr_1e-4_wd_0_do_0.1_ae_do_0_esm_do_0_seed_42,/home/ubuntu/protein-sequence-augmentation/checkpoints/classifier/solubility/v5/unfrozen/tuning/mlp/esm2/lr_1e-4_wd_0_do_0.1_ae_do_0_esm_do_0_seed_42,,3.0,0.7156091592378955,0.456670647188141,0.7656295015845578,encoder_lr_1e-4,unfrozen
solubility,v5,esm2,fine_tuned,True,False,,mlp,42,end_to_end_tuning,0.0001,0.0,0.1,0.0,0.1,complete,Code/results/classifier/solubility/v5/unfrozen/tuning/mlp/esm2/lr_1e-4_wd_0_do_0.1_ae_do_0_esm_do_0.1_seed_42,/home/ubuntu/protein-sequence-augmentation/checkpoints/classifier/solubility/v5/unfrozen/tuning/mlp/esm2/lr_1e-4_wd_0_do_0.1_ae_do_0_esm_do_0.1_seed_42,,3.0,0.6997255260750229,0.4653099488538886,0.7636127917026794,encoder_lr_1e-4,unfrozen
solubility,v5,esm2,fine_tuned,True,False,,mlp,42,end_to_end_tuning,0.0001,0.0001,0.1,0.0,0.0,complete,Code/results/classifier/solubility/v5/unfrozen/tuning/mlp/esm2/lr_1e-4_wd_1e-4_do_0.1_ae_do_0_esm_do_0_seed_42,/home/ubuntu/protein-sequence-augmentation/checkpoints/classifier/solubility/v5/unfrozen/tuning/mlp/esm2/lr_1e-4_wd_1e-4_do_0.1_ae_do_0_esm_do_0_seed_42,,8.0,0.7151006711409396,0.4874938657564719,0.7554019014693172,encoder_lr_1e-4,unfrozen
solubility,v5,esm2,fine_tuned,True,False,,mlp,42,end_to_end_tuning,0.0001,0.0001,0.1,0.0,0.1,complete,Code/results/classifier/solubility/v5/unfrozen/tuning/mlp/esm2/lr_1e-4_wd_1e-4_do_0.1_ae_do_0_esm_do_0.1_seed_42,/home/ubuntu/protein-sequence-augmentation/checkpoints/classifier/solubility/v5/unfrozen/tuning/mlp/esm2/lr_1e-4_wd_1e-4_do_0.1_ae_do_0_esm_do_0.1_seed_42,,8.0,0.7127814676818403,0.4922917302610963,0.7445980985306828,encoder_lr_1e-4,unfrozen
solubility,v5,trained_autoencoder,fine_tuned,False,True,v5,linear,42,end_to_end_tuning,0.0001,0.0,,0.0,0.0,failed,Code/results/classifier/solubility/v5/unfrozen/tuning/linear/trained_autoencoder/lr_1e-4_wd_0_ae_do_0_esm_do_0_seed_42,/home/ubuntu/protein-sequence-augmentation/checkpoints/classifier/solubility/v5/unfrozen/tuning/linear/trained_autoencoder/lr_1e-4_wd_0_ae_do_0_esm_do_0_seed_42,Non-finite gradient norm in training batch 2919.,,,,,encoder_lr_1e-4,unfrozen
solubility,v5,trained_autoencoder,fine_tuned,False,True,v5,linear,42,end_to_end_tuning,0.0001,0.0,,0.1,0.0,failed,Code/results/classifier/solubility/v5/unfrozen/tuning/linear/trained_autoencoder/lr_1e-4_wd_0_ae_do_0.1_esm_do_0_seed_42,/home/ubuntu/protein-sequence-augmentation/checkpoints/classifier/solubility/v5/unfrozen/tuning/linear/trained_autoencoder/lr_1e-4_wd_0_ae_do_0.1_esm_do_0_seed_42,Non-finite gradient norm in training batch 1745.,,,,,encoder_lr_1e-4,unfrozen
solubility,v5,trained_autoencoder,fine_tuned,False,True,v5,linear,42,end_to_end_tuning,0.0001,0.0,,0.2,0.0,failed,Code/results/classifier/solubility/v5/unfrozen/tuning/linear/trained_autoencoder/lr_1e-4_wd_0_ae_do_0.2_esm_do_0_seed_42,/home/ubuntu/protein-sequence-augmentation/checkpoints/classifier/solubility/v5/unfrozen/tuning/linear/trained_autoencoder/lr_1e-4_wd_0_ae_do_0.2_esm_do_0_seed_42,Non-finite gradient norm in training batch 1710.,,,,,encoder_lr_1e-4,unfrozen
solubility,v5,trained_autoencoder,fine_tuned,False,True,v5,linear,42,end_to_end_tuning,0.0001,0.0001,,0.0,0.0,complete,Code/results/classifier/solubility/v5/unfrozen/tuning/linear/trained_autoencoder/lr_1e-4_wd_1e-4_ae_do_0_esm_do_0_seed_42,/home/ubuntu/protein-sequence-augmentation/checkpoints/classifier/solubility/v5/unfrozen/tuning/linear/trained_autoencoder/lr_1e-4_wd_1e-4_ae_do_0_esm_do_0_seed_42,,8.0,0.6954664914586071,0.501096376078646,0.7329299913569577,encoder_lr_1e-4,unfrozen
solubility,v5,trained_autoencoder,fine_tuned,False,True,v5,linear,42,end_to_end_tuning,0.0001,0.0001,,0.1,0.0,complete,Code/results/classifier/solubility/v5/unfrozen/tuning/linear/trained_autoencoder/lr_1e-4_wd_1e-4_ae_do_0.1_esm_do_0_seed_42,/home/ubuntu/protein-sequence-augmentation/checkpoints/classifier/solubility/v5/unfrozen/tuning/linear/trained_autoencoder/lr_1e-4_wd_1e-4_ae_do_0.1_esm_do_0_seed_42,,8.0,0.6967239701589361,0.5066335462366459,0.7306251800633823,encoder_lr_1e-4,unfrozen
solubility,v5,trained_autoencoder,fine_tuned,False,True,v5,linear,42,end_to_end_tuning,0.0001,0.0001,,0.2,0.0,complete,Code/results/classifier/solubility/v5/unfrozen/tuning/linear/trained_autoencoder/lr_1e-4_wd_1e-4_ae_do_0.2_esm_do_0_seed_42,/home/ubuntu/protein-sequence-augmentation/checkpoints/classifier/solubility/v5/unfrozen/tuning/linear/trained_autoencoder/lr_1e-4_wd_1e-4_ae_do_0.2_esm_do_0_seed_42,,8.0,0.6975308641975309,0.509157955655101,0.7317775857101699,encoder_lr_1e-4,unfrozen
solubility,v5,trained_autoencoder,fine_tuned,False,True,v5,mlp,42,end_to_end_tuning,0.0001,0.0,0.1,0.0,0.0,failed,Code/results/classifier/solubility/v5/unfrozen/tuning/mlp/trained_autoencoder/lr_1e-4_wd_0_do_0.1_ae_do_0_esm_do_0_seed_42,/home/ubuntu/protein-sequence-augmentation/checkpoints/classifier/solubility/v5/unfrozen/tuning/mlp/trained_autoencoder/lr_1e-4_wd_0_do_0.1_ae_do_0_esm_do_0_seed_42,Non-finite gradient norm in training batch 1381.,,,,,encoder_lr_1e-4,unfrozen
solubility,v5,trained_autoencoder,fine_tuned,False,True,v5,mlp,42,end_to_end_tuning,0.0001,0.0,0.1,0.1,0.0,complete,Code/results/classifier/solubility/v5/unfrozen/tuning/mlp/trained_autoencoder/lr_1e-4_wd_0_do_0.1_ae_do_0.1_esm_do_0_seed_42,/home/ubuntu/protein-sequence-augmentation/checkpoints/classifier/solubility/v5/unfrozen/tuning/mlp/trained_autoencoder/lr_1e-4_wd_0_do_0.1_ae_do_0.1_esm_do_0_seed_42,,3.0,0.6944396025797455,0.4838965287283427,0.747479112647652,encoder_lr_1e-4,unfrozen
solubility,v5,trained_autoencoder,fine_tuned,False,True,v5,mlp,42,end_to_end_tuning,0.0001,0.0,0.1,0.2,0.0,complete,Code/results/classifier/solubility/v5/unfrozen/tuning/mlp/trained_autoencoder/lr_1e-4_wd_0_do_0.1_ae_do_0.2_esm_do_0_seed_42,/home/ubuntu/protein-sequence-augmentation/checkpoints/classifier/solubility/v5/unfrozen/tuning/mlp/trained_autoencoder/lr_1e-4_wd_0_do_0.1_ae_do_0.2_esm_do_0_seed_42,,3.0,0.6958181502689571,0.4833168892189323,0.747479112647652,encoder_lr_1e-4,unfrozen
solubility,v5,trained_autoencoder,fine_tuned,False,True,v5,mlp,42,end_to_end_tuning,0.0001,0.0001,0.1,0.0,0.0,complete,Code/results/classifier/solubility/v5/unfrozen/tuning/mlp/trained_autoencoder/lr_1e-4_wd_1e-4_do_0.1_ae_do_0_esm_do_0_seed_42,/home/ubuntu/protein-sequence-augmentation/checkpoints/classifier/solubility/v5/unfrozen/tuning/mlp/trained_autoencoder/lr_1e-4_wd_1e-4_do_0.1_ae_do_0_esm_do_0_seed_42,,8.0,0.704152528679916,0.4965654736858594,0.7362431575914722,encoder_lr_1e-4,unfrozen
solubility,v5,trained_autoencoder,fine_tuned,False,True,v5,mlp,42,end_to_end_tuning,0.0001,0.0001,0.1,0.1,0.0,complete,Code/results/classifier/solubility/v5/unfrozen/tuning/mlp/trained_autoencoder/lr_1e-4_wd_1e-4_do_0.1_ae_do_0.1_esm_do_0_seed_42,/home/ubuntu/protein-sequence-augmentation/checkpoints/classifier/solubility/v5/unfrozen/tuning/mlp/trained_autoencoder/lr_1e-4_wd_1e-4_do_0.1_ae_do_0.1_esm_do_0_seed_42,,8.0,0.7031175059952038,0.5031036972329858,0.7324978392394123,encoder_lr_1e-4,unfrozen
solubility,v5,trained_autoencoder,fine_tuned,False,True,v5,mlp,42,end_to_end_tuning,0.0001,0.0001,0.1,0.2,0.0,complete,Code/results/classifier/solubility/v5/unfrozen/tuning/mlp/trained_autoencoder/lr_1e-4_wd_1e-4_do_0.1_ae_do_0.2_esm_do_0_seed_42,/home/ubuntu/protein-sequence-augmentation/checkpoints/classifier/solubility/v5/unfrozen/tuning/mlp/trained_autoencoder/lr_1e-4_wd_1e-4_do_0.1_ae_do_0.2_esm_do_0_seed_42,,8.0,0.7022136047826789,0.5001997423769589,0.7345145491212907,encoder_lr_1e-4,unfrozen
solubility,v5,trained_autoencoder+esm2,fine_tuned,False,False,v5,linear,42,end_to_end_tuning,0.0001,0.0,,0.0,0.0,complete,Code/results/classifier/solubility/v5/unfrozen/tuning/linear/trained_autoencoder+esm2/lr_1e-4_wd_0_ae_do_0_esm_do_0_seed_42,/home/ubuntu/protein-sequence-augmentation/checkpoints/classifier/solubility/v5/unfrozen/tuning/linear/trained_autoencoder+esm2/lr_1e-4_wd_0_ae_do_0_esm_do_0_seed_42,,1.0,0.7113520617709873,0.5020793838481744,0.7469029098242581,encoder_lr_1e-4,unfrozen
solubility,v5,trained_autoencoder+esm2,fine_tuned,False,False,v5,linear,42,end_to_end_tuning,0.0001,0.0,,0.1,0.05,complete,Code/results/classifier/solubility/v5/unfrozen/tuning/linear/trained_autoencoder+esm2/lr_1e-4_wd_0_ae_do_0.1_esm_do_0.05_seed_42,/home/ubuntu/protein-sequence-augmentation/checkpoints/classifier/solubility/v5/unfrozen/tuning/linear/trained_autoencoder+esm2/lr_1e-4_wd_0_ae_do_0.1_esm_do_0.05_seed_42,,3.0,0.7022173355323438,0.4600369464214306,0.7659176029962547,encoder_lr_1e-4,unfrozen
solubility,v5,trained_autoencoder+esm2,fine_tuned,False,False,v5,linear,42,end_to_end_tuning,0.0001,0.0,,0.2,0.1,complete,Code/results/classifier/solubility/v5/unfrozen/tuning/linear/trained_autoencoder+esm2/lr_1e-4_wd_0_ae_do_0.2_esm_do_0.1_seed_42,/home/ubuntu/protein-sequence-augmentation/checkpoints/classifier/solubility/v5/unfrozen/tuning/linear/trained_autoencoder+esm2/lr_1e-4_wd_0_ae_do_0.2_esm_do_0.1_seed_42,,3.0,0.7078899082568807,0.4672351063877661,0.7706712762892538,encoder_lr_1e-4,unfrozen
solubility,v5,trained_autoencoder+esm2,fine_tuned,False,False,v5,linear,42,end_to_end_tuning,0.0001,0.0001,,0.0,0.0,complete,Code/results/classifier/solubility/v5/unfrozen/tuning/linear/trained_autoencoder+esm2/lr_1e-4_wd_1e-4_ae_do_0_esm_do_0_seed_42,/home/ubuntu/protein-sequence-augmentation/checkpoints/classifier/solubility/v5/unfrozen/tuning/linear/trained_autoencoder+esm2/lr_1e-4_wd_1e-4_ae_do_0_esm_do_0_seed_42,,8.0,0.7179974651457541,0.4981371390221957,0.7435897435897436,encoder_lr_1e-4,unfrozen
solubility,v5,trained_autoencoder+esm2,fine_tuned,False,False,v5,linear,42,end_to_end_tuning,0.0001,0.0001,,0.1,0.05,complete,Code/results/classifier/solubility/v5/unfrozen/tuning/linear/trained_autoencoder+esm2/lr_1e-4_wd_1e-4_ae_do_0.1_esm_do_0.05_seed_42,/home/ubuntu/protein-sequence-augmentation/checkpoints/classifier/solubility/v5/unfrozen/tuning/linear/trained_autoencoder+esm2/lr_1e-4_wd_1e-4_ae_do_0.1_esm_do_0.05_seed_42,,8.0,0.7200502433663055,0.4884098392764487,0.7431575914721982,encoder_lr_1e-4,unfrozen
solubility,v5,trained_autoencoder+esm2,fine_tuned,False,False,v5,linear,42,end_to_end_tuning,0.0001,0.0001,,0.2,0.1,complete,Code/results/classifier/solubility/v5/unfrozen/tuning/linear/trained_autoencoder+esm2/lr_1e-4_wd_1e-4_ae_do_0.2_esm_do_0.1_seed_42,/home/ubuntu/protein-sequence-augmentation/checkpoints/classifier/solubility/v5/unfrozen/tuning/linear/trained_autoencoder+esm2/lr_1e-4_wd_1e-4_ae_do_0.2_esm_do_0.1_seed_42,,1.0,0.68563021088769,0.5195020376279353,0.722990492653414,encoder_lr_1e-4,unfrozen
solubility,v5,trained_autoencoder+esm2,fine_tuned,False,False,v5,mlp,42,end_to_end_tuning,0.0001,0.0,0.1,0.0,0.0,complete,Code/results/classifier/solubility/v5/unfrozen/tuning/mlp/trained_autoencoder+esm2/lr_1e-4_wd_0_do_0.1_ae_do_0_esm_do_0_seed_42,/home/ubuntu/protein-sequence-augmentation/checkpoints/classifier/solubility/v5/unfrozen/tuning/mlp/trained_autoencoder+esm2/lr_1e-4_wd_0_do_0.1_ae_do_0_esm_do_0_seed_42,,3.0,0.72,0.4642001873768224,0.7650532987611639,encoder_lr_1e-4,unfrozen
solubility,v5,trained_autoencoder+esm2,fine_tuned,False,False,v5,mlp,42,end_to_end_tuning,0.0001,0.0,0.1,0.1,0.05,complete,Code/results/classifier/solubility/v5/unfrozen/tuning/mlp/trained_autoencoder+esm2/lr_1e-4_wd_0_do_0.1_ae_do_0.1_esm_do_0.05_seed_42,/home/ubuntu/protein-sequence-augmentation/checkpoints/classifier/solubility/v5/unfrozen/tuning/mlp/trained_autoencoder+esm2/lr_1e-4_wd_0_do_0.1_ae_do_0.1_esm_do_0.05_seed_42,,3.0,0.7150241212956582,0.4741300122087402,0.7617401325266494,encoder_lr_1e-4,unfrozen
solubility,v5,trained_autoencoder+esm2,fine_tuned,False,False,v5,mlp,42,end_to_end_tuning,0.0001,0.0,0.1,0.2,0.1,failed,Code/results/classifier/solubility/v5/unfrozen/tuning/mlp/trained_autoencoder+esm2/lr_1e-4_wd_0_do_0.1_ae_do_0.2_esm_do_0.1_seed_42,/home/ubuntu/protein-sequence-augmentation/checkpoints/classifier/solubility/v5/unfrozen/tuning/mlp/trained_autoencoder+esm2/lr_1e-4_wd_0_do_0.1_ae_do_0.2_esm_do_0.1_seed_42,Non-finite gradient norm in training batch 3822.,,,,,encoder_lr_1e-4,unfrozen
solubility,v5,trained_autoencoder+esm2,fine_tuned,False,False,v5,mlp,42,end_to_end_tuning,0.0001,0.0001,0.1,0.0,0.0,complete,Code/results/classifier/solubility/v5/unfrozen/tuning/mlp/trained_autoencoder+esm2/lr_1e-4_wd_1e-4_do_0.1_ae_do_0_esm_do_0_seed_42,/home/ubuntu/protein-sequence-augmentation/checkpoints/classifier/solubility/v5/unfrozen/tuning/mlp/trained_autoencoder+esm2/lr_1e-4_wd_1e-4_do_0.1_ae_do_0_esm_do_0_seed_42,,8.0,0.7110285424759332,0.476019291052108,0.7535292422932872,encoder_lr_1e-4,unfrozen
solubility,v5,trained_autoencoder+esm2,fine_tuned,False,False,v5,mlp,42,end_to_end_tuning,0.0001,0.0001,0.1,0.1,0.05,complete,Code/results/classifier/solubility/v5/unfrozen/tuning/mlp/trained_autoencoder+esm2/lr_1e-4_wd_1e-4_do_0.1_ae_do_0.1_esm_do_0.05_seed_42,/home/ubuntu/protein-sequence-augmentation/checkpoints/classifier/solubility/v5/unfrozen/tuning/mlp/trained_autoencoder+esm2/lr_1e-4_wd_1e-4_do_0.1_ae_do_0.1_esm_do_0.05_seed_42,,3.0,0.6879615952732644,0.4799571332911599,0.7565543071161048,encoder_lr_1e-4,unfrozen
solubility,v5,trained_autoencoder+esm2,fine_tuned,False,False,v5,mlp,42,end_to_end_tuning,0.0001,0.0001,0.1,0.2,0.1,complete,Code/results/classifier/solubility/v5/unfrozen/tuning/mlp/trained_autoencoder+esm2/lr_1e-4_wd_1e-4_do_0.1_ae_do_0.2_esm_do_0.1_seed_42,/home/ubuntu/protein-sequence-augmentation/checkpoints/classifier/solubility/v5/unfrozen/tuning/mlp/trained_autoencoder+esm2/lr_1e-4_wd_1e-4_do_0.1_ae_do_0.2_esm_do_0.1_seed_42,,3.0,0.6933760683760684,0.4777824028154437,0.7519446845289542,encoder_lr_1e-4,unfrozen
solubility,v5,esm2,frozen,True,True,,linear,42,tuning,0.0001,0.0,,0.0,0.0,complete,Code/results/classifier/solubility/v5/frozen/tuning/linear/esm2/lr_1e-4_wd_0_seed_42,/home/ubuntu/protein-sequence-augmentation/checkpoints/classifier/solubility/v5/frozen/tuning/linear/esm2/lr_1e-4_wd_0_seed_42,,24.0,0.5353455123113582,0.6061419715664291,0.6629213483146067,encoder_lr_1e-5,frozen
solubility,v5,esm2,frozen,True,True,,linear,42,tuning,0.0001,0.0001,,0.0,0.0,complete,Code/results/classifier/solubility/v5/frozen/tuning/linear/esm2/lr_1e-4_wd_1e-4_seed_42,/home/ubuntu/protein-sequence-augmentation/checkpoints/classifier/solubility/v5/frozen/tuning/linear/esm2/lr_1e-4_wd_1e-4_seed_42,,29.0,0.5342685370741483,0.605311924529948,0.6652261596081821,encoder_lr_1e-5,frozen
solubility,v5,esm2,frozen,True,True,,mlp,42,tuning,0.0001,0.0,0.1,0.0,0.0,complete,Code/results/classifier/solubility/v5/frozen/tuning/mlp/esm2/lr_1e-4_wd_0_do_0.1_seed_42,/home/ubuntu/protein-sequence-augmentation/checkpoints/classifier/solubility/v5/frozen/tuning/mlp/esm2/lr_1e-4_wd_0_do_0.1_seed_42,,20.0,0.6397803329328986,0.5654984237446423,0.6976375684240853,encoder_lr_1e-5,frozen
solubility,v5,esm2,frozen,True,True,,mlp,42,tuning,0.0001,0.0,0.3,0.0,0.0,complete,Code/results/classifier/solubility/v5/frozen/tuning/mlp/esm2/lr_1e-4_wd_0_do_0.3_seed_42,/home/ubuntu/protein-sequence-augmentation/checkpoints/classifier/solubility/v5/frozen/tuning/mlp/esm2/lr_1e-4_wd_0_do_0.3_seed_42,,20.0,0.6330483336241494,0.5666961281658833,0.6970613656006914,encoder_lr_1e-5,frozen
solubility,v5,esm2,frozen,True,True,,mlp,42,tuning,0.0001,0.0001,0.1,0.0,0.0,complete,Code/results/classifier/solubility/v5/frozen/tuning/mlp/esm2/lr_1e-4_wd_1e-4_do_0.1_seed_42,/home/ubuntu/protein-sequence-augmentation/checkpoints/classifier/solubility/v5/frozen/tuning/mlp/esm2/lr_1e-4_wd_1e-4_do_0.1_seed_42,,20.0,0.6378896882494005,0.5687197249858189,0.6954768078363583,encoder_lr_1e-5,frozen
solubility,v5,esm2,frozen,True,True,,mlp,42,tuning,0.0001,0.0001,0.3,0.0,0.0,complete,Code/results/classifier/solubility/v5/frozen/tuning/mlp/esm2/lr_1e-4_wd_1e-4_do_0.3_seed_42,/home/ubuntu/protein-sequence-augmentation/checkpoints/classifier/solubility/v5/frozen/tuning/mlp/esm2/lr_1e-4_wd_1e-4_do_0.3_seed_42,,20.0,0.629874651810585,0.5704278443979963,0.6937481993661769,encoder_lr_1e-5,frozen
solubility,v5,trained_autoencoder,frozen,True,True,v5,linear,42,tuning,0.0001,0.0,,0.0,0.0,complete,Code/results/classifier/solubility/v5/frozen/tuning/linear/trained_autoencoder/lr_1e-4_wd_0_seed_42,/home/ubuntu/protein-sequence-augmentation/checkpoints/classifier/solubility/v5/frozen/tuning/linear/trained_autoencoder/lr_1e-4_wd_0_seed_42,,18.0,0.6058760300967395,0.5791205823747749,0.683088447133391,encoder_lr_1e-5,frozen
solubility,v5,trained_autoencoder,frozen,True,True,v5,linear,42,tuning,0.0001,0.0001,,0.0,0.0,complete,Code/results/classifier/solubility/v5/frozen/tuning/linear/trained_autoencoder/lr_1e-4_wd_1e-4_seed_42,/home/ubuntu/protein-sequence-augmentation/checkpoints/classifier/solubility/v5/frozen/tuning/linear/trained_autoencoder/lr_1e-4_wd_1e-4_seed_42,,24.0,0.6055934026532808,0.5784015940919248,0.683088447133391,encoder_lr_1e-5,frozen
solubility,v5,trained_autoencoder,frozen,True,True,v5,mlp,42,tuning,0.0001,0.0,0.1,0.0,0.0,complete,Code/results/classifier/solubility/v5/frozen/tuning/mlp/trained_autoencoder/lr_1e-4_wd_0_do_0.1_seed_42,/home/ubuntu/protein-sequence-augmentation/checkpoints/classifier/solubility/v5/frozen/tuning/mlp/trained_autoencoder/lr_1e-4_wd_0_do_0.1_seed_42,,15.0,0.6791814645695924,0.5393034053600958,0.7267358110054739,encoder_lr_1e-5,frozen
solubility,v5,trained_autoencoder,frozen,True,True,v5,mlp,42,tuning,0.0001,0.0,0.3,0.0,0.0,complete,Code/results/classifier/solubility/v5/frozen/tuning/mlp/trained_autoencoder/lr_1e-4_wd_0_do_0.3_seed_42,/home/ubuntu/protein-sequence-augmentation/checkpoints/classifier/solubility/v5/frozen/tuning/mlp/trained_autoencoder/lr_1e-4_wd_0_do_0.3_seed_42,,15.0,0.6779135823721811,0.5273827267239191,0.7304811293575338,encoder_lr_1e-5,frozen
solubility,v5,trained_autoencoder,frozen,True,True,v5,mlp,42,tuning,0.0001,0.0001,0.1,0.0,0.0,complete,Code/results/classifier/solubility/v5/frozen/tuning/mlp/trained_autoencoder/lr_1e-4_wd_1e-4_do_0.1_seed_42,/home/ubuntu/protein-sequence-augmentation/checkpoints/classifier/solubility/v5/frozen/tuning/mlp/trained_autoencoder/lr_1e-4_wd_1e-4_do_0.1_seed_42,,15.0,0.6786379806877859,0.5354122722038993,0.7267358110054739,encoder_lr_1e-5,frozen
solubility,v5,trained_autoencoder,frozen,True,True,v5,mlp,42,tuning,0.0001,0.0001,0.3,0.0,0.0,complete,Code/results/classifier/solubility/v5/frozen/tuning/mlp/trained_autoencoder/lr_1e-4_wd_1e-4_do_0.3_seed_42,/home/ubuntu/protein-sequence-augmentation/checkpoints/classifier/solubility/v5/frozen/tuning/mlp/trained_autoencoder/lr_1e-4_wd_1e-4_do_0.3_seed_42,,15.0,0.6772413793103448,0.5256702555115441,0.7303370786516854,encoder_lr_1e-5,frozen
solubility,v5,trained_autoencoder+esm2,frozen,True,True,v5,linear,42,tuning,0.0001,0.0,,0.0,0.0,complete,Code/results/classifier/solubility/v5/frozen/tuning/linear/trained_autoencoder+esm2/lr_1e-4_wd_0_seed_42,/home/ubuntu/protein-sequence-augmentation/checkpoints/classifier/solubility/v5/frozen/tuning/linear/trained_autoencoder+esm2/lr_1e-4_wd_0_seed_42,,20.0,0.6677852348993288,0.5432286848083624,0.7147796024200519,encoder_lr_1e-5,frozen
solubility,v5,trained_autoencoder+esm2,frozen,True,True,v5,linear,42,tuning,0.0001,0.0001,,0.0,0.0,complete,Code/results/classifier/solubility/v5/frozen/tuning/linear/trained_autoencoder+esm2/lr_1e-4_wd_1e-4_seed_42,/home/ubuntu/protein-sequence-augmentation/checkpoints/classifier/solubility/v5/frozen/tuning/linear/trained_autoencoder+esm2/lr_1e-4_wd_1e-4_seed_42,,20.0,0.6675607711651299,0.5432831379014798,0.7143474503025065,encoder_lr_1e-5,frozen
solubility,v5,trained_autoencoder+esm2,frozen,True,True,v5,mlp,42,tuning,0.0001,0.0,0.1,0.0,0.0,complete,Code/results/classifier/solubility/v5/frozen/tuning/mlp/trained_autoencoder+esm2/lr_1e-4_wd_0_do_0.1_seed_42,/home/ubuntu/protein-sequence-augmentation/checkpoints/classifier/solubility/v5/frozen/tuning/mlp/trained_autoencoder+esm2/lr_1e-4_wd_0_do_0.1_seed_42,,4.0,0.696671839972409,0.5021702172827631,0.7466148084125612,encoder_lr_1e-5,frozen
solubility,v5,trained_autoencoder+esm2,frozen,True,True,v5,mlp,42,tuning,0.0001,0.0,0.3,0.0,0.0,complete,Code/results/classifier/solubility/v5/frozen/tuning/mlp/trained_autoencoder+esm2/lr_1e-4_wd_0_do_0.3_seed_42,/home/ubuntu/protein-sequence-augmentation/checkpoints/classifier/solubility/v5/frozen/tuning/mlp/trained_autoencoder+esm2/lr_1e-4_wd_0_do_0.3_seed_42,,5.0,0.6941484716157206,0.4964666905611951,0.7477672140593489,encoder_lr_1e-5,frozen
solubility,v5,trained_autoencoder+esm2,frozen,True,True,v5,mlp,42,tuning,0.0001,0.0001,0.1,0.0,0.0,complete,Code/results/classifier/solubility/v5/frozen/tuning/mlp/trained_autoencoder+esm2/lr_1e-4_wd_1e-4_do_0.1_seed_42,/home/ubuntu/protein-sequence-augmentation/checkpoints/classifier/solubility/v5/frozen/tuning/mlp/trained_autoencoder+esm2/lr_1e-4_wd_1e-4_do_0.1_seed_42,,4.0,0.6979220333161601,0.5016640947878928,0.7466148084125612,encoder_lr_1e-5,frozen
solubility,v5,trained_autoencoder+esm2,frozen,True,True,v5,mlp,42,tuning,0.0001,0.0001,0.3,0.0,0.0,complete,Code/results/classifier/solubility/v5/frozen/tuning/mlp/trained_autoencoder+esm2/lr_1e-4_wd_1e-4_do_0.3_seed_42,/home/ubuntu/protein-sequence-augmentation/checkpoints/classifier/solubility/v5/frozen/tuning/mlp/trained_autoencoder+esm2/lr_1e-4_wd_1e-4_do_0.3_seed_42,,4.0,0.6931995154871085,0.4978988760831685,0.7445980985306828,encoder_lr_1e-5,frozen
solubility,v5,esm2,fine_tuned,True,False,,linear,42,end_to_end_tuning,0.0001,0.0,,0.0,0.0,complete,Code/results/classifier/solubility/v5/unfrozen/tuning/linear/esm2/lr_1e-4_wd_0_ae_do_0_esm_do_0_seed_42,/home/ubuntu/protein-sequence-augmentation/checkpoints/classifier/solubility/v5/unfrozen/tuning/linear/esm2/lr_1e-4_wd_0_ae_do_0_esm_do_0_seed_42,,3.0,0.7253044654939107,0.4629774440677734,0.7660616537021031,encoder_lr_1e-5,unfrozen
solubility,v5,esm2,fine_tuned,True,False,,linear,42,end_to_end_tuning,0.0001,0.0,,0.0,0.1,complete,Code/results/classifier/solubility/v5/unfrozen/tuning/linear/esm2/lr_1e-4_wd_0_ae_do_0_esm_do_0.1_seed_42,/home/ubuntu/protein-sequence-augmentation/checkpoints/classifier/solubility/v5/unfrozen/tuning/linear/esm2/lr_1e-4_wd_0_ae_do_0_esm_do_0.1_seed_42,,3.0,0.7259762308998302,0.4626361982463863,0.7675021607605877,encoder_lr_1e-5,unfrozen
solubility,v5,esm2,fine_tuned,True,False,,linear,42,end_to_end_tuning,0.0001,0.0001,,0.0,0.0,complete,Code/results/classifier/solubility/v5/unfrozen/tuning/linear/esm2/lr_1e-4_wd_1e-4_ae_do_0_esm_do_0_seed_42,/home/ubuntu/protein-sequence-augmentation/checkpoints/classifier/solubility/v5/unfrozen/tuning/linear/esm2/lr_1e-4_wd_1e-4_ae_do_0_esm_do_0_seed_42,,3.0,0.7232434289640955,0.4593232803903166,0.7679343128781331,encoder_lr_1e-5,unfrozen
solubility,v5,esm2,fine_tuned,True,False,,linear,42,end_to_end_tuning,0.0001,0.0001,,0.0,0.1,complete,Code/results/classifier/solubility/v5/unfrozen/tuning/linear/esm2/lr_1e-4_wd_1e-4_ae_do_0_esm_do_0.1_seed_42,/home/ubuntu/protein-sequence-augmentation/checkpoints/classifier/solubility/v5/unfrozen/tuning/linear/esm2/lr_1e-4_wd_1e-4_ae_do_0_esm_do_0.1_seed_42,,3.0,0.7231833910034602,0.4592762688194699,0.7695188706424662,encoder_lr_1e-5,unfrozen
solubility,v5,esm2,fine_tuned,True,False,,mlp,42,end_to_end_tuning,0.0001,0.0,0.1,0.0,0.0,complete,Code/results/classifier/solubility/v5/unfrozen/tuning/mlp/esm2/lr_1e-4_wd_0_do_0.1_ae_do_0_esm_do_0_seed_42,/home/ubuntu/protein-sequence-augmentation/checkpoints/classifier/solubility/v5/unfrozen/tuning/mlp/esm2/lr_1e-4_wd_0_do_0.1_ae_do_0_esm_do_0_seed_42,,3.0,0.7252329996548154,0.4574235190114999,0.7706712762892538,encoder_lr_1e-5,unfrozen
solubility,v5,esm2,fine_tuned,True,False,,mlp,42,end_to_end_tuning,0.0001,0.0,0.1,0.0,0.1,complete,Code/results/classifier/solubility/v5/unfrozen/tuning/mlp/esm2/lr_1e-4_wd_0_do_0.1_ae_do_0_esm_do_0.1_seed_42,/home/ubuntu/protein-sequence-augmentation/checkpoints/classifier/solubility/v5/unfrozen/tuning/mlp/esm2/lr_1e-4_wd_0_do_0.1_ae_do_0_esm_do_0.1_seed_42,,3.0,0.7331417948284603,0.4595817803941587,0.7725439354652838,encoder_lr_1e-5,unfrozen
solubility,v5,esm2,fine_tuned,True,False,,mlp,42,end_to_end_tuning,0.0001,0.0001,0.1,0.0,0.0,complete,Code/results/classifier/solubility/v5/unfrozen/tuning/mlp/esm2/lr_1e-4_wd_1e-4_do_0.1_ae_do_0_esm_do_0_seed_42,/home/ubuntu/protein-sequence-augmentation/checkpoints/classifier/solubility/v5/unfrozen/tuning/mlp/esm2/lr_1e-4_wd_1e-4_do_0.1_ae_do_0_esm_do_0_seed_42,,3.0,0.730191256830601,0.4577402062853624,0.7723998847594353,encoder_lr_1e-5,unfrozen
solubility,v5,esm2,fine_tuned,True,False,,mlp,42,end_to_end_tuning,0.0001,0.0001,0.1,0.0,0.1,complete,Code/results/classifier/solubility/v5/unfrozen/tuning/mlp/esm2/lr_1e-4_wd_1e-4_do_0.1_ae_do_0_esm_do_0.1_seed_42,/home/ubuntu/protein-sequence-augmentation/checkpoints/classifier/solubility/v5/unfrozen/tuning/mlp/esm2/lr_1e-4_wd_1e-4_do_0.1_ae_do_0_esm_do_0.1_seed_42,,3.0,0.7288510638297873,0.4608013853237561,0.7705272255834054,encoder_lr_1e-5,unfrozen
solubility,v5,trained_autoencoder,fine_tuned,False,True,v5,linear,42,end_to_end_tuning,0.0001,0.0,,0.0,0.0,complete,Code/results/classifier/solubility/v5/unfrozen/tuning/linear/trained_autoencoder/lr_1e-4_wd_0_ae_do_0_esm_do_0_seed_42,/home/ubuntu/protein-sequence-augmentation/checkpoints/classifier/solubility/v5/unfrozen/tuning/linear/trained_autoencoder/lr_1e-4_wd_0_ae_do_0_esm_do_0_seed_42,,8.0,0.6819531507753217,0.5122725438810638,0.7222702391241717,encoder_lr_1e-5,unfrozen
solubility,v5,trained_autoencoder,fine_tuned,False,True,v5,linear,42,end_to_end_tuning,0.0001,0.0,,0.1,0.0,complete,Code/results/classifier/solubility/v5/unfrozen/tuning/linear/trained_autoencoder/lr_1e-4_wd_0_ae_do_0.1_esm_do_0_seed_42,/home/ubuntu/protein-sequence-augmentation/checkpoints/classifier/solubility/v5/unfrozen/tuning/linear/trained_autoencoder/lr_1e-4_wd_0_ae_do_0.1_esm_do_0_seed_42,,3.0,0.6754067287948191,0.5290064613367838,0.7039757994814174,encoder_lr_1e-5,unfrozen
solubility,v5,trained_autoencoder,fine_tuned,False,True,v5,linear,42,end_to_end_tuning,0.0001,0.0,,0.2,0.0,complete,Code/results/classifier/solubility/v5/unfrozen/tuning/linear/trained_autoencoder/lr_1e-4_wd_0_ae_do_0.2_esm_do_0_seed_42,/home/ubuntu/protein-sequence-augmentation/checkpoints/classifier/solubility/v5/unfrozen/tuning/linear/trained_autoencoder/lr_1e-4_wd_0_ae_do_0.2_esm_do_0_seed_42,,3.0,0.6792511700468019,0.5301760513581243,0.703831748775569,encoder_lr_1e-5,unfrozen
solubility,v5,trained_autoencoder,fine_tuned,False,True,v5,linear,42,end_to_end_tuning,0.0001,0.0001,,0.0,0.0,complete,Code/results/classifier/solubility/v5/unfrozen/tuning/linear/trained_autoencoder/lr_1e-4_wd_1e-4_ae_do_0_esm_do_0_seed_42,/home/ubuntu/protein-sequence-augmentation/checkpoints/classifier/solubility/v5/unfrozen/tuning/linear/trained_autoencoder/lr_1e-4_wd_1e-4_ae_do_0_esm_do_0_seed_42,,8.0,0.6875943253848475,0.5244546474245501,0.7018150388936906,encoder_lr_1e-5,unfrozen
solubility,v5,trained_autoencoder,fine_tuned,False,True,v5,linear,42,end_to_end_tuning,0.0001,0.0001,,0.1,0.0,complete,Code/results/classifier/solubility/v5/unfrozen/tuning/linear/trained_autoencoder/lr_1e-4_wd_1e-4_ae_do_0.1_esm_do_0_seed_42,/home/ubuntu/protein-sequence-augmentation/checkpoints/classifier/solubility/v5/unfrozen/tuning/linear/trained_autoencoder/lr_1e-4_wd_1e-4_ae_do_0.1_esm_do_0_seed_42,,8.0,0.6859387274155538,0.5198299336144918,0.7120426390089312,encoder_lr_1e-5,unfrozen
solubility,v5,trained_autoencoder,fine_tuned,False,True,v5,linear,42,end_to_end_tuning,0.0001,0.0001,,0.2,0.0,complete,Code/results/classifier/solubility/v5/unfrozen/tuning/linear/trained_autoencoder/lr_1e-4_wd_1e-4_ae_do_0.2_esm_do_0_seed_42,/home/ubuntu/protein-sequence-augmentation/checkpoints/classifier/solubility/v5/unfrozen/tuning/linear/trained_autoencoder/lr_1e-4_wd_1e-4_ae_do_0.2_esm_do_0_seed_42,,8.0,0.6824324324324325,0.516370179810465,0.7156439066551427,encoder_lr_1e-5,unfrozen
solubility,v5,trained_autoencoder,fine_tuned,False,True,v5,mlp,42,end_to_end_tuning,0.0001,0.0,0.1,0.0,0.0,complete,Code/results/classifier/solubility/v5/unfrozen/tuning/mlp/trained_autoencoder/lr_1e-4_wd_0_do_0.1_ae_do_0_esm_do_0_seed_42,/home/ubuntu/protein-sequence-augmentation/checkpoints/classifier/solubility/v5/unfrozen/tuning/mlp/trained_autoencoder/lr_1e-4_wd_0_do_0.1_ae_do_0_esm_do_0_seed_42,,8.0,0.6941176470588235,0.4946877359485324,0.7453183520599251,encoder_lr_1e-5,unfrozen
solubility,v5,trained_autoencoder,fine_tuned,False,True,v5,mlp,42,end_to_end_tuning,0.0001,0.0,0.1,0.1,0.0,complete,Code/results/classifier/solubility/v5/unfrozen/tuning/mlp/trained_autoencoder/lr_1e-4_wd_0_do_0.1_ae_do_0.1_esm_do_0_seed_42,/home/ubuntu/protein-sequence-augmentation/checkpoints/classifier/solubility/v5/unfrozen/tuning/mlp/trained_autoencoder/lr_1e-4_wd_0_do_0.1_ae_do_0.1_esm_do_0_seed_42,,8.0,0.6869333333333333,0.4939388653810276,0.7463267070008643,encoder_lr_1e-5,unfrozen
solubility,v5,trained_autoencoder,fine_tuned,False,True,v5,mlp,42,end_to_end_tuning,0.0001,0.0,0.1,0.2,0.0,complete,Code/results/classifier/solubility/v5/unfrozen/tuning/mlp/trained_autoencoder/lr_1e-4_wd_0_do_0.1_ae_do_0.2_esm_do_0_seed_42,/home/ubuntu/protein-sequence-augmentation/checkpoints/classifier/solubility/v5/unfrozen/tuning/mlp/trained_autoencoder/lr_1e-4_wd_0_do_0.1_ae_do_0.2_esm_do_0_seed_42,,8.0,0.6856733010579165,0.4932671361287572,0.747479112647652,encoder_lr_1e-5,unfrozen
solubility,v5,trained_autoencoder,fine_tuned,False,True,v5,mlp,42,end_to_end_tuning,0.0001,0.0001,0.1,0.0,0.0,complete,Code/results/classifier/solubility/v5/unfrozen/tuning/mlp/trained_autoencoder/lr_1e-4_wd_1e-4_do_0.1_ae_do_0_esm_do_0_seed_42,/home/ubuntu/protein-sequence-augmentation/checkpoints/classifier/solubility/v5/unfrozen/tuning/mlp/trained_autoencoder/lr_1e-4_wd_1e-4_do_0.1_ae_do_0_esm_do_0_seed_42,,8.0,0.6933701657458563,0.4932440558743044,0.7441659464131374,encoder_lr_1e-5,unfrozen
solubility,v5,trained_autoencoder,fine_tuned,False,True,v5,mlp,42,end_to_end_tuning,0.0001,0.0001,0.1,0.1,0.0,complete,Code/results/classifier/solubility/v5/unfrozen/tuning/mlp/trained_autoencoder/lr_1e-4_wd_1e-4_do_0.1_ae_do_0.1_esm_do_0_seed_42,/home/ubuntu/protein-sequence-augmentation/checkpoints/classifier/solubility/v5/unfrozen/tuning/mlp/trained_autoencoder/lr_1e-4_wd_1e-4_do_0.1_ae_do_0.1_esm_do_0_seed_42,,8.0,0.6931370871127845,0.4953791017715747,0.7417170844137136,encoder_lr_1e-5,unfrozen
solubility,v5,trained_autoencoder,fine_tuned,False,True,v5,mlp,42,end_to_end_tuning,0.0001,0.0001,0.1,0.2,0.0,complete,Code/results/classifier/solubility/v5/unfrozen/tuning/mlp/trained_autoencoder/lr_1e-4_wd_1e-4_do_0.1_ae_do_0.2_esm_do_0_seed_42,/home/ubuntu/protein-sequence-augmentation/checkpoints/classifier/solubility/v5/unfrozen/tuning/mlp/trained_autoencoder/lr_1e-4_wd_1e-4_do_0.1_ae_do_0.2_esm_do_0_seed_42,,8.0,0.6851654215581644,0.4925771374690089,0.7450302506482281,encoder_lr_1e-5,unfrozen
solubility,v5,trained_autoencoder+esm2,fine_tuned,False,False,v5,linear,42,end_to_end_tuning,0.0001,0.0,,0.0,0.0,complete,Code/results/classifier/solubility/v5/unfrozen/tuning/linear/trained_autoencoder+esm2/lr_1e-4_wd_0_ae_do_0_esm_do_0_seed_42,/home/ubuntu/protein-sequence-augmentation/checkpoints/classifier/solubility/v5/unfrozen/tuning/linear/trained_autoencoder+esm2/lr_1e-4_wd_0_ae_do_0_esm_do_0_seed_42,,3.0,0.7210195530726257,0.4607203096125594,0.769806972054163,encoder_lr_1e-5,unfrozen
solubility,v5,trained_autoencoder+esm2,fine_tuned,False,False,v5,linear,42,end_to_end_tuning,0.0001,0.0,,0.1,0.05,complete,Code/results/classifier/solubility/v5/unfrozen/tuning/linear/trained_autoencoder+esm2/lr_1e-4_wd_0_ae_do_0.1_esm_do_0.05_seed_42,/home/ubuntu/protein-sequence-augmentation/checkpoints/classifier/solubility/v5/unfrozen/tuning/linear/trained_autoencoder+esm2/lr_1e-4_wd_0_ae_do_0.1_esm_do_0.05_seed_42,,3.0,0.7192888888888889,0.457545242411573,0.7725439354652838,encoder_lr_1e-5,unfrozen
solubility,v5,trained_autoencoder+esm2,fine_tuned,False,False,v5,linear,42,end_to_end_tuning,0.0001,0.0,,0.2,0.1,complete,Code/results/classifier/solubility/v5/unfrozen/tuning/linear/trained_autoencoder+esm2/lr_1e-4_wd_0_ae_do_0.2_esm_do_0.1_seed_42,/home/ubuntu/protein-sequence-augmentation/checkpoints/classifier/solubility/v5/unfrozen/tuning/linear/trained_autoencoder+esm2/lr_1e-4_wd_0_ae_do_0.2_esm_do_0.1_seed_42,,3.0,0.719061788902503,0.459831276438965,0.7687986171132238,encoder_lr_1e-5,unfrozen
solubility,v5,trained_autoencoder+esm2,fine_tuned,False,False,v5,linear,42,end_to_end_tuning,0.0001,0.0001,,0.0,0.0,complete,Code/results/classifier/solubility/v5/unfrozen/tuning/linear/trained_autoencoder+esm2/lr_1e-4_wd_1e-4_ae_do_0_esm_do_0_seed_42,/home/ubuntu/protein-sequence-augmentation/checkpoints/classifier/solubility/v5/unfrozen/tuning/linear/trained_autoencoder+esm2/lr_1e-4_wd_1e-4_ae_do_0_esm_do_0_seed_42,,3.0,0.718843645337564,0.4584970605610358,0.7702391241717085,encoder_lr_1e-5,unfrozen
solubility,v5,trained_autoencoder+esm2,fine_tuned,False,False,v5,linear,42,end_to_end_tuning,0.0001,0.0001,,0.1,0.05,complete,Code/results/classifier/solubility/v5/unfrozen/tuning/linear/trained_autoencoder+esm2/lr_1e-4_wd_1e-4_ae_do_0.1_esm_do_0.05_seed_42,/home/ubuntu/protein-sequence-augmentation/checkpoints/classifier/solubility/v5/unfrozen/tuning/linear/trained_autoencoder+esm2/lr_1e-4_wd_1e-4_ae_do_0.1_esm_do_0.05_seed_42,,3.0,0.7206405693950177,0.4573207940381461,0.7738403918179199,encoder_lr_1e-5,unfrozen
solubility,v5,trained_autoencoder+esm2,fine_tuned,False,False,v5,linear,42,end_to_end_tuning,0.0001,0.0001,,0.2,0.1,complete,Code/results/classifier/solubility/v5/unfrozen/tuning/linear/trained_autoencoder+esm2/lr_1e-4_wd_1e-4_ae_do_0.2_esm_do_0.1_seed_42,/home/ubuntu/protein-sequence-augmentation/checkpoints/classifier/solubility/v5/unfrozen/tuning/linear/trained_autoencoder+esm2/lr_1e-4_wd_1e-4_ae_do_0.2_esm_do_0.1_seed_42,,3.0,0.7227337110481586,0.4573906324363792,0.7744165946413137,encoder_lr_1e-5,unfrozen
solubility,v5,trained_autoencoder+esm2,fine_tuned,False,False,v5,mlp,42,end_to_end_tuning,0.0001,0.0,0.1,0.0,0.0,complete,Code/results/classifier/solubility/v5/unfrozen/tuning/mlp/trained_autoencoder+esm2/lr_1e-4_wd_0_do_0.1_ae_do_0_esm_do_0_seed_42,/home/ubuntu/protein-sequence-augmentation/checkpoints/classifier/solubility/v5/unfrozen/tuning/mlp/trained_autoencoder+esm2/lr_1e-4_wd_0_do_0.1_ae_do_0_esm_do_0_seed_42,,4.0,0.7228365806564858,0.5184284095778241,0.7725439354652838,encoder_lr_1e-5,unfrozen
solubility,v5,trained_autoencoder+esm2,fine_tuned,False,False,v5,mlp,42,end_to_end_tuning,0.0001,0.0,0.1,0.1,0.05,complete,Code/results/classifier/solubility/v5/unfrozen/tuning/mlp/trained_autoencoder+esm2/lr_1e-4_wd_0_do_0.1_ae_do_0.1_esm_do_0.05_seed_42,/home/ubuntu/protein-sequence-augmentation/checkpoints/classifier/solubility/v5/unfrozen/tuning/mlp/trained_autoencoder+esm2/lr_1e-4_wd_0_do_0.1_ae_do_0.1_esm_do_0.05_seed_42,,4.0,0.7262028383523711,0.5174668776185325,0.7721117833477384,encoder_lr_1e-5,unfrozen
solubility,v5,trained_autoencoder+esm2,fine_tuned,False,False,v5,mlp,42,end_to_end_tuning,0.0001,0.0,0.1,0.2,0.1,complete,Code/results/classifier/solubility/v5/unfrozen/tuning/mlp/trained_autoencoder+esm2/lr_1e-4_wd_0_do_0.1_ae_do_0.2_esm_do_0.1_seed_42,/home/ubuntu/protein-sequence-augmentation/checkpoints/classifier/solubility/v5/unfrozen/tuning/mlp/trained_autoencoder+esm2/lr_1e-4_wd_0_do_0.1_ae_do_0.2_esm_do_0.1_seed_42,,4.0,0.7233893557422969,0.5072446376196901,0.7723998847594353,encoder_lr_1e-5,unfrozen
solubility,v5,trained_autoencoder+esm2,fine_tuned,False,False,v5,mlp,42,end_to_end_tuning,0.0001,0.0001,0.1,0.0,0.0,complete,Code/results/classifier/solubility/v5/unfrozen/tuning/mlp/trained_autoencoder+esm2/lr_1e-4_wd_1e-4_do_0.1_ae_do_0_esm_do_0_seed_42,/home/ubuntu/protein-sequence-augmentation/checkpoints/classifier/solubility/v5/unfrozen/tuning/mlp/trained_autoencoder+esm2/lr_1e-4_wd_1e-4_do_0.1_ae_do_0_esm_do_0_seed_42,,3.0,0.7200973574408901,0.4621994608556527,0.7680783635839815,encoder_lr_1e-5,unfrozen
solubility,v5,trained_autoencoder+esm2,fine_tuned,False,False,v5,mlp,42,end_to_end_tuning,0.0001,0.0001,0.1,0.1,0.05,complete,Code/results/classifier/solubility/v5/unfrozen/tuning/mlp/trained_autoencoder+esm2/lr_1e-4_wd_1e-4_do_0.1_ae_do_0.1_esm_do_0.05_seed_42,/home/ubuntu/protein-sequence-augmentation/checkpoints/classifier/solubility/v5/unfrozen/tuning/mlp/trained_autoencoder+esm2/lr_1e-4_wd_1e-4_do_0.1_ae_do_0.1_esm_do_0.05_seed_42,,3.0,0.7251299826689774,0.4617595760528995,0.7715355805243446,encoder_lr_1e-5,unfrozen
solubility,v5,trained_autoencoder+esm2,fine_tuned,False,False,v5,mlp,42,end_to_end_tuning,0.0001,0.0001,0.1,0.2,0.1,complete,Code/results/classifier/solubility/v5/unfrozen/tuning/mlp/trained_autoencoder+esm2/lr_1e-4_wd_1e-4_do_0.1_ae_do_0.2_esm_do_0.1_seed_42,/home/ubuntu/protein-sequence-augmentation/checkpoints/classifier/solubility/v5/unfrozen/tuning/mlp/trained_autoencoder+esm2/lr_1e-4_wd_1e-4_do_0.1_ae_do_0.2_esm_do_0.1_seed_42,,3.0,0.7205293400661675,0.4600155504403764,0.7687986171132238,encoder_lr_1e-5,unfrozen
solubility,v5,trained_autoencoder,frozen,True,True,v5,linear,42,tuning,0.0001,0.0,,0.0,0.0,complete,Code/results/classifier/solubility/v5/frozen/tuning/linear/trained_autoencoder/lr_1e-4_wd_0_seed_42,/home/ubuntu/protein-sequence-augmentation/checkpoints/classifier/solubility/v5/frozen/tuning/linear/trained_autoencoder/lr_1e-4_wd_0_seed_42,,18.0,0.6058760300967395,0.5791205825808412,0.683088447133391,encoder_lr_1e-6,frozen
solubility,v5,trained_autoencoder,frozen,True,True,v5,linear,42,tuning,0.0001,0.0001,,0.0,0.0,complete,Code/results/classifier/solubility/v5/frozen/tuning/linear/trained_autoencoder/lr_1e-4_wd_1e-4_seed_42,/home/ubuntu/protein-sequence-augmentation/checkpoints/classifier/solubility/v5/frozen/tuning/linear/trained_autoencoder/lr_1e-4_wd_1e-4_seed_42,,24.0,0.6055934026532808,0.5784015982132485,0.683088447133391,encoder_lr_1e-6,frozen
solubility,v5,trained_autoencoder,frozen,True,True,v5,mlp,42,tuning,0.0001,0.0,0.1,0.0,0.0,complete,Code/results/classifier/solubility/v5/frozen/tuning/mlp/trained_autoencoder/lr_1e-4_wd_0_do_0.1_seed_42,/home/ubuntu/protein-sequence-augmentation/checkpoints/classifier/solubility/v5/frozen/tuning/mlp/trained_autoencoder/lr_1e-4_wd_0_do_0.1_seed_42,,15.0,0.6778398510242085,0.539605308621392,0.7258715067703831,encoder_lr_1e-6,frozen
solubility,v5,trained_autoencoder,frozen,True,True,v5,mlp,42,tuning,0.0001,0.0,0.3,0.0,0.0,complete,Code/results/classifier/solubility/v5/frozen/tuning/mlp/trained_autoencoder/lr_1e-4_wd_0_do_0.3_seed_42,/home/ubuntu/protein-sequence-augmentation/checkpoints/classifier/solubility/v5/frozen/tuning/mlp/trained_autoencoder/lr_1e-4_wd_0_do_0.3_seed_42,,15.0,0.6744666207845836,0.527646828886069,0.7274560645347162,encoder_lr_1e-6,frozen
solubility,v5,trained_autoencoder,frozen,True,True,v5,mlp,42,tuning,0.0001,0.0001,0.1,0.0,0.0,complete,Code/results/classifier/solubility/v5/frozen/tuning/mlp/trained_autoencoder/lr_1e-4_wd_1e-4_do_0.1_seed_42,/home/ubuntu/protein-sequence-augmentation/checkpoints/classifier/solubility/v5/frozen/tuning/mlp/trained_autoencoder/lr_1e-4_wd_1e-4_do_0.1_seed_42,,16.0,0.6770815450643777,0.5342749644170677,0.7290406222990493,encoder_lr_1e-6,frozen
solubility,v5,trained_autoencoder,frozen,True,True,v5,mlp,42,tuning,0.0001,0.0001,0.3,0.0,0.0,complete,Code/results/classifier/solubility/v5/frozen/tuning/mlp/trained_autoencoder/lr_1e-4_wd_1e-4_do_0.3_seed_42,/home/ubuntu/protein-sequence-augmentation/checkpoints/classifier/solubility/v5/frozen/tuning/mlp/trained_autoencoder/lr_1e-4_wd_1e-4_do_0.3_seed_42,,15.0,0.6774471013246173,0.525514049837068,0.72990492653414,encoder_lr_1e-6,frozen
solubility,v5,trained_autoencoder+esm2,frozen,True,True,v5,linear,42,tuning,0.0001,0.0,,0.0,0.0,complete,Code/results/classifier/solubility/v5/frozen/tuning/linear/trained_autoencoder+esm2/lr_1e-4_wd_0_seed_42,/home/ubuntu/protein-sequence-augmentation/checkpoints/classifier/solubility/v5/frozen/tuning/linear/trained_autoencoder+esm2/lr_1e-4_wd_0_seed_42,,20.0,0.6677852348993288,0.5432286852548391,0.7147796024200519,encoder_lr_1e-6,frozen
solubility,v5,trained_autoencoder+esm2,frozen,True,True,v5,linear,42,tuning,0.0001,0.0001,,0.0,0.0,complete,Code/results/classifier/solubility/v5/frozen/tuning/linear/trained_autoencoder+esm2/lr_1e-4_wd_1e-4_seed_42,/home/ubuntu/protein-sequence-augmentation/checkpoints/classifier/solubility/v5/frozen/tuning/linear/trained_autoencoder+esm2/lr_1e-4_wd_1e-4_seed_42,,20.0,0.6675607711651299,0.5432831320114213,0.7143474503025065,encoder_lr_1e-6,frozen
solubility,v5,trained_autoencoder+esm2,frozen,True,True,v5,mlp,42,tuning,0.0001,0.0,0.1,0.0,0.0,complete,Code/results/classifier/solubility/v5/frozen/tuning/mlp/trained_autoencoder+esm2/lr_1e-4_wd_0_do_0.1_seed_42,/home/ubuntu/protein-sequence-augmentation/checkpoints/classifier/solubility/v5/frozen/tuning/mlp/trained_autoencoder+esm2/lr_1e-4_wd_0_do_0.1_seed_42,,4.0,0.6962374870555748,0.5024392184366997,0.7464707577067128,encoder_lr_1e-6,frozen
solubility,v5,trained_autoencoder+esm2,frozen,True,True,v5,mlp,42,tuning,0.0001,0.0,0.3,0.0,0.0,complete,Code/results/classifier/solubility/v5/frozen/tuning/mlp/trained_autoencoder+esm2/lr_1e-4_wd_0_do_0.3_seed_42,/home/ubuntu/protein-sequence-augmentation/checkpoints/classifier/solubility/v5/frozen/tuning/mlp/trained_autoencoder+esm2/lr_1e-4_wd_0_do_0.3_seed_42,,4.0,0.6948243032715943,0.4985341093479059,0.7460386055891673,encoder_lr_1e-6,frozen
solubility,v5,trained_autoencoder+esm2,frozen,True,True,v5,mlp,42,tuning,0.0001,0.0001,0.1,0.0,0.0,complete,Code/results/classifier/solubility/v5/frozen/tuning/mlp/trained_autoencoder+esm2/lr_1e-4_wd_1e-4_do_0.1_seed_42,/home/ubuntu/protein-sequence-augmentation/checkpoints/classifier/solubility/v5/frozen/tuning/mlp/trained_autoencoder+esm2/lr_1e-4_wd_1e-4_do_0.1_seed_42,,4.0,0.6977861678393684,0.5009941003639257,0.7463267070008643,encoder_lr_1e-6,frozen
solubility,v5,trained_autoencoder+esm2,frozen,True,True,v5,mlp,42,tuning,0.0001,0.0001,0.3,0.0,0.0,complete,Code/results/classifier/solubility/v5/frozen/tuning/mlp/trained_autoencoder+esm2/lr_1e-4_wd_1e-4_do_0.3_seed_42,/home/ubuntu/protein-sequence-augmentation/checkpoints/classifier/solubility/v5/frozen/tuning/mlp/trained_autoencoder+esm2/lr_1e-4_wd_1e-4_do_0.3_seed_42,,4.0,0.6932409012131716,0.4975335428760086,0.7450302506482281,encoder_lr_1e-6,frozen
solubility,v5,trained_autoencoder,fine_tuned,False,True,v5,linear,42,end_to_end_tuning,0.0001,0.0,,0.0,0.0,complete,Code/results/classifier/solubility/v5/unfrozen/tuning/linear/trained_autoencoder/lr_1e-4_wd_0_ae_do_0_esm_do_0_seed_42,/home/ubuntu/protein-sequence-augmentation/checkpoints/classifier/solubility/v5/unfrozen/tuning/linear/trained_autoencoder/lr_1e-4_wd_0_ae_do_0_esm_do_0_seed_42,,8.0,0.6498120942944995,0.5362099855580134,0.7046960530106597,encoder_lr_1e-6,unfrozen
solubility,v5,trained_autoencoder,fine_tuned,False,True,v5,linear,42,end_to_end_tuning,0.0001,0.0,,0.1,0.0,complete,Code/results/classifier/solubility/v5/unfrozen/tuning/linear/trained_autoencoder/lr_1e-4_wd_0_ae_do_0.1_esm_do_0_seed_42,/home/ubuntu/protein-sequence-augmentation/checkpoints/classifier/solubility/v5/unfrozen/tuning/linear/trained_autoencoder/lr_1e-4_wd_0_ae_do_0.1_esm_do_0_seed_42,,8.0,0.6449511400651465,0.5392666663432526,0.7016709881878421,encoder_lr_1e-6,unfrozen
solubility,v5,trained_autoencoder,fine_tuned,False,True,v5,linear,42,end_to_end_tuning,0.0001,0.0,,0.2,0.0,complete,Code/results/classifier/solubility/v5/unfrozen/tuning/linear/trained_autoencoder/lr_1e-4_wd_0_ae_do_0.2_esm_do_0_seed_42,/home/ubuntu/protein-sequence-augmentation/checkpoints/classifier/solubility/v5/unfrozen/tuning/linear/trained_autoencoder/lr_1e-4_wd_0_ae_do_0.2_esm_do_0_seed_42,,10.0,0.6387323943661972,0.5366455325473114,0.7044079515989629,encoder_lr_1e-6,unfrozen
solubility,v5,trained_autoencoder,fine_tuned,False,True,v5,linear,42,end_to_end_tuning,0.0001,0.0001,,0.0,0.0,complete,Code/results/classifier/solubility/v5/unfrozen/tuning/linear/trained_autoencoder/lr_1e-4_wd_1e-4_ae_do_0_esm_do_0_seed_42,/home/ubuntu/protein-sequence-augmentation/checkpoints/classifier/solubility/v5/unfrozen/tuning/linear/trained_autoencoder/lr_1e-4_wd_1e-4_ae_do_0_esm_do_0_seed_42,,8.0,0.6462328767123288,0.5387418686879949,0.7023912417170844,encoder_lr_1e-6,unfrozen
solubility,v5,trained_autoencoder,fine_tuned,False,True,v5,linear,42,end_to_end_tuning,0.0001,0.0001,,0.1,0.0,complete,Code/results/classifier/solubility/v5/unfrozen/tuning/linear/trained_autoencoder/lr_1e-4_wd_1e-4_ae_do_0.1_esm_do_0_seed_42,/home/ubuntu/protein-sequence-augmentation/checkpoints/classifier/solubility/v5/unfrozen/tuning/linear/trained_autoencoder/lr_1e-4_wd_1e-4_ae_do_0.1_esm_do_0_seed_42,,8.0,0.6412239986247207,0.5427455567928942,0.6993661768942668,encoder_lr_1e-6,unfrozen
solubility,v5,trained_autoencoder,fine_tuned,False,True,v5,linear,42,end_to_end_tuning,0.0001,0.0001,,0.2,0.0,complete,Code/results/classifier/solubility/v5/unfrozen/tuning/linear/trained_autoencoder/lr_1e-4_wd_1e-4_ae_do_0.2_esm_do_0_seed_42,/home/ubuntu/protein-sequence-augmentation/checkpoints/classifier/solubility/v5/unfrozen/tuning/linear/trained_autoencoder/lr_1e-4_wd_1e-4_ae_do_0.2_esm_do_0_seed_42,,8.0,0.6331658291457286,0.5460367189707931,0.695044655718813,encoder_lr_1e-6,unfrozen
solubility,v5,trained_autoencoder,fine_tuned,False,True,v5,mlp,42,end_to_end_tuning,0.0001,0.0,0.1,0.0,0.0,complete,Code/results/classifier/solubility/v5/unfrozen/tuning/mlp/trained_autoencoder/lr_1e-4_wd_0_do_0.1_ae_do_0_esm_do_0_seed_42,/home/ubuntu/protein-sequence-augmentation/checkpoints/classifier/solubility/v5/unfrozen/tuning/mlp/trained_autoencoder/lr_1e-4_wd_0_do_0.1_ae_do_0_esm_do_0_seed_42,,3.0,0.6775588659298414,0.5328213881944861,0.7100259291270528,encoder_lr_1e-6,unfrozen
solubility,v5,trained_autoencoder,fine_tuned,False,True,v5,mlp,42,end_to_end_tuning,0.0001,0.0,0.1,0.1,0.0,complete,Code/results/classifier/solubility/v5/unfrozen/tuning/mlp/trained_autoencoder/lr_1e-4_wd_0_do_0.1_ae_do_0.1_esm_do_0_seed_42,/home/ubuntu/protein-sequence-augmentation/checkpoints/classifier/solubility/v5/unfrozen/tuning/mlp/trained_autoencoder/lr_1e-4_wd_0_do_0.1_ae_do_0.1_esm_do_0_seed_42,,3.0,0.6735026041666666,0.532629914944538,0.711034284067992,encoder_lr_1e-6,unfrozen
solubility,v5,trained_autoencoder,fine_tuned,False,True,v5,mlp,42,end_to_end_tuning,0.0001,0.0,0.1,0.2,0.0,complete,Code/results/classifier/solubility/v5/unfrozen/tuning/mlp/trained_autoencoder/lr_1e-4_wd_0_do_0.1_ae_do_0.2_esm_do_0_seed_42,/home/ubuntu/protein-sequence-augmentation/checkpoints/classifier/solubility/v5/unfrozen/tuning/mlp/trained_autoencoder/lr_1e-4_wd_0_do_0.1_ae_do_0.2_esm_do_0_seed_42,,10.0,0.6706543411274243,0.5076125321608735,0.7382598674733506,encoder_lr_1e-6,unfrozen
solubility,v5,trained_autoencoder,fine_tuned,False,True,v5,mlp,42,end_to_end_tuning,0.0001,0.0001,0.1,0.0,0.0,complete,Code/results/classifier/solubility/v5/unfrozen/tuning/mlp/trained_autoencoder/lr_1e-4_wd_1e-4_do_0.1_ae_do_0_esm_do_0_seed_42,/home/ubuntu/protein-sequence-augmentation/checkpoints/classifier/solubility/v5/unfrozen/tuning/mlp/trained_autoencoder/lr_1e-4_wd_1e-4_do_0.1_ae_do_0_esm_do_0_seed_42,,3.0,0.6795774647887324,0.5328099503104332,0.7116104868913857,encoder_lr_1e-6,unfrozen
solubility,v5,trained_autoencoder,fine_tuned,False,True,v5,mlp,42,end_to_end_tuning,0.0001,0.0001,0.1,0.1,0.0,complete,Code/results/classifier/solubility/v5/unfrozen/tuning/mlp/trained_autoencoder/lr_1e-4_wd_1e-4_do_0.1_ae_do_0.1_esm_do_0_seed_42,/home/ubuntu/protein-sequence-augmentation/checkpoints/classifier/solubility/v5/unfrozen/tuning/mlp/trained_autoencoder/lr_1e-4_wd_1e-4_do_0.1_ae_do_0.1_esm_do_0_seed_42,,3.0,0.6762288477034649,0.5334821030544774,0.7106021319504465,encoder_lr_1e-6,unfrozen
solubility,v5,trained_autoencoder,fine_tuned,False,True,v5,mlp,42,end_to_end_tuning,0.0001,0.0001,0.1,0.2,0.0,complete,Code/results/classifier/solubility/v5/unfrozen/tuning/mlp/trained_autoencoder/lr_1e-4_wd_1e-4_do_0.1_ae_do_0.2_esm_do_0_seed_42,/home/ubuntu/protein-sequence-augmentation/checkpoints/classifier/solubility/v5/unfrozen/tuning/mlp/trained_autoencoder/lr_1e-4_wd_1e-4_do_0.1_ae_do_0.2_esm_do_0_seed_42,,3.0,0.6730800586988424,0.5344294178077172,0.7111783347738404,encoder_lr_1e-6,unfrozen
solubility,v5,trained_autoencoder+esm2,fine_tuned,False,False,v5,linear,42,end_to_end_tuning,0.0001,0.0,,0.0,0.0,complete,Code/results/classifier/solubility/v5/unfrozen/tuning/linear/trained_autoencoder+esm2/lr_1e-4_wd_0_ae_do_0_esm_do_0_seed_42,/home/ubuntu/protein-sequence-augmentation/checkpoints/classifier/solubility/v5/unfrozen/tuning/linear/trained_autoencoder+esm2/lr_1e-4_wd_0_ae_do_0_esm_do_0_seed_42,,8.0,0.7118700820358279,0.4892690888024036,0.7520887352348027,encoder_lr_1e-6,unfrozen
solubility,v5,trained_autoencoder+esm2,fine_tuned,False,False,v5,linear,42,end_to_end_tuning,0.0001,0.0,,0.1,0.05,complete,Code/results/classifier/solubility/v5/unfrozen/tuning/linear/trained_autoencoder+esm2/lr_1e-4_wd_0_ae_do_0.1_esm_do_0.05_seed_42,/home/ubuntu/protein-sequence-augmentation/checkpoints/classifier/solubility/v5/unfrozen/tuning/linear/trained_autoencoder+esm2/lr_1e-4_wd_0_ae_do_0.1_esm_do_0.05_seed_42,,8.0,0.713081591368847,0.4867184704694992,0.7548256986459234,encoder_lr_1e-6,unfrozen
solubility,v5,trained_autoencoder+esm2,fine_tuned,False,False,v5,linear,42,end_to_end_tuning,0.0001,0.0,,0.2,0.1,complete,Code/results/classifier/solubility/v5/unfrozen/tuning/linear/trained_autoencoder+esm2/lr_1e-4_wd_0_ae_do_0.2_esm_do_0.1_seed_42,/home/ubuntu/protein-sequence-augmentation/checkpoints/classifier/solubility/v5/unfrozen/tuning/linear/trained_autoencoder+esm2/lr_1e-4_wd_0_ae_do_0.2_esm_do_0.1_seed_42,,8.0,0.7119959507339295,0.4859327587707693,0.7541054451166811,encoder_lr_1e-6,unfrozen
solubility,v5,trained_autoencoder+esm2,fine_tuned,False,False,v5,linear,42,end_to_end_tuning,0.0001,0.0001,,0.0,0.0,complete,Code/results/classifier/solubility/v5/unfrozen/tuning/linear/trained_autoencoder+esm2/lr_1e-4_wd_1e-4_ae_do_0_esm_do_0_seed_42,/home/ubuntu/protein-sequence-augmentation/checkpoints/classifier/solubility/v5/unfrozen/tuning/linear/trained_autoencoder+esm2/lr_1e-4_wd_1e-4_ae_do_0_esm_do_0_seed_42,,8.0,0.7158597662771286,0.4873873573563965,0.7548256986459234,encoder_lr_1e-6,unfrozen
solubility,v5,trained_autoencoder+esm2,fine_tuned,False,False,v5,linear,42,end_to_end_tuning,0.0001,0.0001,,0.1,0.05,complete,Code/results/classifier/solubility/v5/unfrozen/tuning/linear/trained_autoencoder+esm2/lr_1e-4_wd_1e-4_ae_do_0.1_esm_do_0.05_seed_42,/home/ubuntu/protein-sequence-augmentation/checkpoints/classifier/solubility/v5/unfrozen/tuning/linear/trained_autoencoder+esm2/lr_1e-4_wd_1e-4_ae_do_0.1_esm_do_0.05_seed_42,,8.0,0.7161572052401747,0.4852557158356817,0.7565543071161048,encoder_lr_1e-6,unfrozen
solubility,v5,trained_autoencoder+esm2,fine_tuned,False,False,v5,linear,42,end_to_end_tuning,0.0001,0.0001,,0.2,0.1,complete,Code/results/classifier/solubility/v5/unfrozen/tuning/linear/trained_autoencoder+esm2/lr_1e-4_wd_1e-4_ae_do_0.2_esm_do_0.1_seed_42,/home/ubuntu/protein-sequence-augmentation/checkpoints/classifier/solubility/v5/unfrozen/tuning/linear/trained_autoencoder+esm2/lr_1e-4_wd_1e-4_ae_do_0.2_esm_do_0.1_seed_42,,8.0,0.7148391443489978,0.4842606564654771,0.7561221549985595,encoder_lr_1e-6,unfrozen
solubility,v5,trained_autoencoder+esm2,fine_tuned,False,False,v5,mlp,42,end_to_end_tuning,0.0001,0.0,0.1,0.0,0.0,complete,Code/results/classifier/solubility/v5/unfrozen/tuning/mlp/trained_autoencoder+esm2/lr_1e-4_wd_0_do_0.1_ae_do_0_esm_do_0_seed_42,/home/ubuntu/protein-sequence-augmentation/checkpoints/classifier/solubility/v5/unfrozen/tuning/mlp/trained_autoencoder+esm2/lr_1e-4_wd_0_do_0.1_ae_do_0_esm_do_0_seed_42,,3.0,0.7157964309319234,0.4861076086785325,0.7522327859406511,encoder_lr_1e-6,unfrozen
solubility,v5,trained_autoencoder+esm2,fine_tuned,False,False,v5,mlp,42,end_to_end_tuning,0.0001,0.0,0.1,0.1,0.05,complete,Code/results/classifier/solubility/v5/unfrozen/tuning/mlp/trained_autoencoder+esm2/lr_1e-4_wd_0_do_0.1_ae_do_0.1_esm_do_0.05_seed_42,/home/ubuntu/protein-sequence-augmentation/checkpoints/classifier/solubility/v5/unfrozen/tuning/mlp/trained_autoencoder+esm2/lr_1e-4_wd_0_do_0.1_ae_do_0.1_esm_do_0.05_seed_42,,3.0,0.7161803713527851,0.4857166177668031,0.7533851915874388,encoder_lr_1e-6,unfrozen
solubility,v5,trained_autoencoder+esm2,fine_tuned,False,False,v5,mlp,42,end_to_end_tuning,0.0001,0.0,0.1,0.2,0.1,complete,Code/results/classifier/solubility/v5/unfrozen/tuning/mlp/trained_autoencoder+esm2/lr_1e-4_wd_0_do_0.1_ae_do_0.2_esm_do_0.1_seed_42,/home/ubuntu/protein-sequence-augmentation/checkpoints/classifier/solubility/v5/unfrozen/tuning/mlp/trained_autoencoder+esm2/lr_1e-4_wd_0_do_0.1_ae_do_0.2_esm_do_0.1_seed_42,,8.0,0.7185649009984769,0.4806329830515045,0.7604436761740132,encoder_lr_1e-6,unfrozen
solubility,v5,trained_autoencoder+esm2,fine_tuned,False,False,v5,mlp,42,end_to_end_tuning,0.0001,0.0001,0.1,0.0,0.0,complete,Code/results/classifier/solubility/v5/unfrozen/tuning/mlp/trained_autoencoder+esm2/lr_1e-4_wd_1e-4_do_0.1_ae_do_0_esm_do_0_seed_42,/home/ubuntu/protein-sequence-augmentation/checkpoints/classifier/solubility/v5/unfrozen/tuning/mlp/trained_autoencoder+esm2/lr_1e-4_wd_1e-4_do_0.1_ae_do_0_esm_do_0_seed_42,,3.0,0.7138584247258225,0.4852107506909723,0.7519446845289542,encoder_lr_1e-6,unfrozen
solubility,v5,trained_autoencoder+esm2,fine_tuned,False,False,v5,mlp,42,end_to_end_tuning,0.0001,0.0001,0.1,0.1,0.05,complete,Code/results/classifier/solubility/v5/unfrozen/tuning/mlp/trained_autoencoder+esm2/lr_1e-4_wd_1e-4_do_0.1_ae_do_0.1_esm_do_0.05_seed_42,/home/ubuntu/protein-sequence-augmentation/checkpoints/classifier/solubility/v5/unfrozen/tuning/mlp/trained_autoencoder+esm2/lr_1e-4_wd_1e-4_do_0.1_ae_do_0.1_esm_do_0.05_seed_42,,3.0,0.7132752097384438,0.4864698535631521,0.7489196197061365,encoder_lr_1e-6,unfrozen
solubility,v5,trained_autoencoder+esm2,fine_tuned,False,False,v5,mlp,42,end_to_end_tuning,0.0001,0.0001,0.1,0.2,0.1,complete,Code/results/classifier/solubility/v5/unfrozen/tuning/mlp/trained_autoencoder+esm2/lr_1e-4_wd_1e-4_do_0.1_ae_do_0.2_esm_do_0.1_seed_42,/home/ubuntu/protein-sequence-augmentation/checkpoints/classifier/solubility/v5/unfrozen/tuning/mlp/trained_autoencoder+esm2/lr_1e-4_wd_1e-4_do_0.1_ae_do_0.2_esm_do_0.1_seed_42,,8.0,0.7174872665534805,0.4763684835412666,0.7602996254681648,encoder_lr_1e-6,unfrozen
