dataset,version,representation,encoder_mode,freeze_autoencoder,freeze_esm2,autoencoder_version,head_type,seed,phase,learning_rate,head_learning_rate,representation_learning_rate,encoder_learning_rate,esm_learning_rate,weight_decay,dropout,autoencoder_embedding_dropout,esm_embedding_dropout,status,run_dir,artifacts_copied,checkpoint_dir,error,sources,source_run_dir,selection_epoch,best_val_f1,val_loss_at_selection,val_accuracy_at_selection
solubility,v5,esm2,fine_tuned,True,False,,linear,42,end_to_end_tuning,0.0001,0.0001,1e-06,1e-06,1e-06,0.0,,0.0,0.0,complete,Code/results/classifier/solubility/v5/unfrozen/tuning/linear/esm2/lr_1e-4_wd_0_rep_lr_1e-6_ae_do_0_esm_do_0_seed_42,True,/home/ubuntu/protein-sequence-augmentation/checkpoints/classifier/solubility/v5/unfrozen/tuning/linear/esm2/lr_1e-4_wd_0_ae_do_0_esm_do_0_seed_42,,source_3,/Users/josh/GWU/research/v5/encoder_lr_1e-6/unfrozen/tuning/linear/esm2/lr_1e-4_wd_0_ae_do_0_esm_do_0_seed_42,8.0,0.7193318253001566,0.47970293366541544,0.7676462114664362
solubility,v5,esm2,fine_tuned,True,False,,linear,42,end_to_end_tuning,0.0001,0.0001,1e-06,1e-06,1e-06,0.0,,0.0,0.1,complete,Code/results/classifier/solubility/v5/unfrozen/tuning/linear/esm2/lr_1e-4_wd_0_rep_lr_1e-6_ae_do_0_esm_do_0.1_seed_42,True,/home/ubuntu/protein-sequence-augmentation/checkpoints/classifier/solubility/v5/unfrozen/tuning/linear/esm2/lr_1e-4_wd_0_ae_do_0_esm_do_0.1_seed_42,,source_3,/Users/josh/GWU/research/v5/encoder_lr_1e-6/unfrozen/tuning/linear/esm2/lr_1e-4_wd_0_ae_do_0_esm_do_0.1_seed_42,8.0,0.7193165969316597,0.4790658678884157,0.7680783635839815
solubility,v5,esm2,fine_tuned,True,False,,linear,42,end_to_end_tuning,0.0001,0.0001,1e-06,1e-06,1e-06,0.0001,,0.0,0.0,complete,Code/results/classifier/solubility/v5/unfrozen/tuning/linear/esm2/lr_1e-4_wd_1e-4_rep_lr_1e-6_ae_do_0_esm_do_0_seed_42,True,/home/ubuntu/protein-sequence-augmentation/checkpoints/classifier/solubility/v5/unfrozen/tuning/linear/esm2/lr_1e-4_wd_1e-4_ae_do_0_esm_do_0_seed_42,,source_3,/Users/josh/GWU/research/v5/encoder_lr_1e-6/unfrozen/tuning/linear/esm2/lr_1e-4_wd_1e-4_ae_do_0_esm_do_0_seed_42,8.0,0.7181707950805474,0.47872960606970383,0.7656295015845578
solubility,v5,esm2,fine_tuned,True,False,,linear,42,end_to_end_tuning,0.0001,0.0001,1e-06,1e-06,1e-06,0.0001,,0.0,0.1,complete,Code/results/classifier/solubility/v5/unfrozen/tuning/linear/esm2/lr_1e-4_wd_1e-4_rep_lr_1e-6_ae_do_0_esm_do_0.1_seed_42,True,/home/ubuntu/protein-sequence-augmentation/checkpoints/classifier/solubility/v5/unfrozen/tuning/linear/esm2/lr_1e-4_wd_1e-4_ae_do_0_esm_do_0.1_seed_42,,source_3,/Users/josh/GWU/research/v5/encoder_lr_1e-6/unfrozen/tuning/linear/esm2/lr_1e-4_wd_1e-4_ae_do_0_esm_do_0.1_seed_42,8.0,0.7190269331016508,0.4781387271609096,0.7670700086430423
solubility,v5,esm2,fine_tuned,True,False,,linear,42,end_to_end_tuning,0.0001,0.0001,1e-05,1e-05,1e-05,0.0,,0.0,0.0,complete,Code/results/classifier/solubility/v5/unfrozen/tuning/linear/esm2/lr_1e-4_wd_0_rep_lr_1e-5_ae_do_0_esm_do_0_seed_42,True,/home/ubuntu/protein-sequence-augmentation/checkpoints/classifier/solubility/v5/unfrozen/tuning/linear/esm2/lr_1e-4_wd_0_ae_do_0_esm_do_0_seed_42,,source_2,/Users/josh/GWU/research/v5/encoder_lr_1e-5/unfrozen/tuning/linear/esm2/lr_1e-4_wd_0_ae_do_0_esm_do_0_seed_42,3.0,0.7253044654939107,0.4629774440677734,0.7660616537021031
solubility,v5,esm2,fine_tuned,True,False,,linear,42,end_to_end_tuning,0.0001,0.0001,1e-05,1e-05,1e-05,0.0,,0.0,0.1,complete,Code/results/classifier/solubility/v5/unfrozen/tuning/linear/esm2/lr_1e-4_wd_0_rep_lr_1e-5_ae_do_0_esm_do_0.1_seed_42,True,/home/ubuntu/protein-sequence-augmentation/checkpoints/classifier/solubility/v5/unfrozen/tuning/linear/esm2/lr_1e-4_wd_0_ae_do_0_esm_do_0.1_seed_42,,source_2,/Users/josh/GWU/research/v5/encoder_lr_1e-5/unfrozen/tuning/linear/esm2/lr_1e-4_wd_0_ae_do_0_esm_do_0.1_seed_42,3.0,0.7259762308998302,0.4626361982463863,0.7675021607605877
solubility,v5,esm2,fine_tuned,True,False,,linear,42,end_to_end_tuning,0.0001,0.0001,1e-05,1e-05,1e-05,0.0001,,0.0,0.0,complete,Code/results/classifier/solubility/v5/unfrozen/tuning/linear/esm2/lr_1e-4_wd_1e-4_rep_lr_1e-5_ae_do_0_esm_do_0_seed_42,True,/home/ubuntu/protein-sequence-augmentation/checkpoints/classifier/solubility/v5/unfrozen/tuning/linear/esm2/lr_1e-4_wd_1e-4_ae_do_0_esm_do_0_seed_42,,source_2,/Users/josh/GWU/research/v5/encoder_lr_1e-5/unfrozen/tuning/linear/esm2/lr_1e-4_wd_1e-4_ae_do_0_esm_do_0_seed_42,3.0,0.7232434289640955,0.4593232803903166,0.7679343128781331
solubility,v5,esm2,fine_tuned,True,False,,linear,42,end_to_end_tuning,0.0001,0.0001,1e-05,1e-05,1e-05,0.0001,,0.0,0.1,complete,Code/results/classifier/solubility/v5/unfrozen/tuning/linear/esm2/lr_1e-4_wd_1e-4_rep_lr_1e-5_ae_do_0_esm_do_0.1_seed_42,True,/home/ubuntu/protein-sequence-augmentation/checkpoints/classifier/solubility/v5/unfrozen/tuning/linear/esm2/lr_1e-4_wd_1e-4_ae_do_0_esm_do_0.1_seed_42,,source_2,/Users/josh/GWU/research/v5/encoder_lr_1e-5/unfrozen/tuning/linear/esm2/lr_1e-4_wd_1e-4_ae_do_0_esm_do_0.1_seed_42,3.0,0.7231833910034602,0.4592762688194699,0.7695188706424662
solubility,v5,esm2,fine_tuned,True,False,,linear,42,end_to_end_tuning,0.0001,0.0001,0.0001,0.0001,0.0001,0.0,,0.0,0.0,complete,Code/results/classifier/solubility/v5/unfrozen/tuning/linear/esm2/lr_1e-4_wd_0_rep_lr_1e-4_ae_do_0_esm_do_0_seed_42,True,/home/ubuntu/protein-sequence-augmentation/checkpoints/classifier/solubility/v5/unfrozen/tuning/linear/esm2/lr_1e-4_wd_0_ae_do_0_esm_do_0_seed_42,,source_1,/Users/josh/GWU/research/v5/encoder_lr_1e-4/unfrozen/tuning/linear/esm2/lr_1e-4_wd_0_ae_do_0_esm_do_0_seed_42,3.0,0.716087782961811,0.4613987974579964,0.7633246902909824
solubility,v5,esm2,fine_tuned,True,False,,linear,42,end_to_end_tuning,0.0001,0.0001,0.0001,0.0001,0.0001,0.0,,0.0,0.1,complete,Code/results/classifier/solubility/v5/unfrozen/tuning/linear/esm2/lr_1e-4_wd_0_rep_lr_1e-4_ae_do_0_esm_do_0.1_seed_42,True,/home/ubuntu/protein-sequence-augmentation/checkpoints/classifier/solubility/v5/unfrozen/tuning/linear/esm2/lr_1e-4_wd_0_ae_do_0_esm_do_0.1_seed_42,,source_1,/Users/josh/GWU/research/v5/encoder_lr_1e-4/unfrozen/tuning/linear/esm2/lr_1e-4_wd_0_ae_do_0_esm_do_0.1_seed_42,3.0,0.7221943468807492,0.4718167770324472,0.7607317775857102
solubility,v5,esm2,fine_tuned,True,False,,linear,42,end_to_end_tuning,0.0001,0.0001,0.0001,0.0001,0.0001,0.0001,,0.0,0.0,complete,Code/results/classifier/solubility/v5/unfrozen/tuning/linear/esm2/lr_1e-4_wd_1e-4_rep_lr_1e-4_ae_do_0_esm_do_0_seed_42,True,/home/ubuntu/protein-sequence-augmentation/checkpoints/classifier/solubility/v5/unfrozen/tuning/linear/esm2/lr_1e-4_wd_1e-4_ae_do_0_esm_do_0_seed_42,,source_1,/Users/josh/GWU/research/v5/encoder_lr_1e-4/unfrozen/tuning/linear/esm2/lr_1e-4_wd_1e-4_ae_do_0_esm_do_0_seed_42,3.0,0.6959001782531195,0.4737004783767611,0.7542494958225295
solubility,v5,esm2,fine_tuned,True,False,,linear,42,end_to_end_tuning,0.0001,0.0001,0.0001,0.0001,0.0001,0.0001,,0.0,0.1,complete,Code/results/classifier/solubility/v5/unfrozen/tuning/linear/esm2/lr_1e-4_wd_1e-4_rep_lr_1e-4_ae_do_0_esm_do_0.1_seed_42,True,/home/ubuntu/protein-sequence-augmentation/checkpoints/classifier/solubility/v5/unfrozen/tuning/linear/esm2/lr_1e-4_wd_1e-4_ae_do_0_esm_do_0.1_seed_42,,source_1,/Users/josh/GWU/research/v5/encoder_lr_1e-4/unfrozen/tuning/linear/esm2/lr_1e-4_wd_1e-4_ae_do_0_esm_do_0.1_seed_42,8.0,0.7169620253164557,0.47891345930971835,0.7584269662921348
solubility,v5,esm2,fine_tuned,True,False,,mlp,42,end_to_end_tuning,0.0001,0.0001,1e-06,1e-06,1e-06,0.0,0.1,0.0,0.0,complete,Code/results/classifier/solubility/v5/unfrozen/tuning/mlp/esm2/lr_1e-4_wd_0_do_0.1_rep_lr_1e-6_ae_do_0_esm_do_0_seed_42,True,/home/ubuntu/protein-sequence-augmentation/checkpoints/classifier/solubility/v5/unfrozen/tuning/mlp/esm2/lr_1e-4_wd_0_do_0.1_ae_do_0_esm_do_0_seed_42,,source_3,/Users/josh/GWU/research/v5/encoder_lr_1e-6/unfrozen/tuning/mlp/esm2/lr_1e-4_wd_0_do_0.1_ae_do_0_esm_do_0_seed_42,8.0,0.7202987101154107,0.47852835407761257,0.7626044367617402
solubility,v5,esm2,fine_tuned,True,False,,mlp,42,end_to_end_tuning,0.0001,0.0001,1e-06,1e-06,1e-06,0.0,0.1,0.0,0.1,complete,Code/results/classifier/solubility/v5/unfrozen/tuning/mlp/esm2/lr_1e-4_wd_0_do_0.1_rep_lr_1e-6_ae_do_0_esm_do_0.1_seed_42,True,/home/ubuntu/protein-sequence-augmentation/checkpoints/classifier/solubility/v5/unfrozen/tuning/mlp/esm2/lr_1e-4_wd_0_do_0.1_ae_do_0_esm_do_0.1_seed_42,,source_3,/Users/josh/GWU/research/v5/encoder_lr_1e-6/unfrozen/tuning/mlp/esm2/lr_1e-4_wd_0_do_0.1_ae_do_0_esm_do_0.1_seed_42,8.0,0.7143102559697646,0.47707952841906,0.7604436761740132
solubility,v5,esm2,fine_tuned,True,False,,mlp,42,end_to_end_tuning,0.0001,0.0001,1e-06,1e-06,1e-06,0.0001,0.1,0.0,0.0,complete,Code/results/classifier/solubility/v5/unfrozen/tuning/mlp/esm2/lr_1e-4_wd_1e-4_do_0.1_rep_lr_1e-6_ae_do_0_esm_do_0_seed_42,True,/home/ubuntu/protein-sequence-augmentation/checkpoints/classifier/solubility/v5/unfrozen/tuning/mlp/esm2/lr_1e-4_wd_1e-4_do_0.1_ae_do_0_esm_do_0_seed_42,,source_3,/Users/josh/GWU/research/v5/encoder_lr_1e-6/unfrozen/tuning/mlp/esm2/lr_1e-4_wd_1e-4_do_0.1_ae_do_0_esm_do_0_seed_42,8.0,0.7203936206311503,0.4776672891257167,0.7626044367617402
solubility,v5,esm2,fine_tuned,True,False,,mlp,42,end_to_end_tuning,0.0001,0.0001,1e-06,1e-06,1e-06,0.0001,0.1,0.0,0.1,complete,Code/results/classifier/solubility/v5/unfrozen/tuning/mlp/esm2/lr_1e-4_wd_1e-4_do_0.1_rep_lr_1e-6_ae_do_0_esm_do_0.1_seed_42,True,/home/ubuntu/protein-sequence-augmentation/checkpoints/classifier/solubility/v5/unfrozen/tuning/mlp/esm2/lr_1e-4_wd_1e-4_do_0.1_ae_do_0_esm_do_0.1_seed_42,,source_3,/Users/josh/GWU/research/v5/encoder_lr_1e-6/unfrozen/tuning/mlp/esm2/lr_1e-4_wd_1e-4_do_0.1_ae_do_0_esm_do_0.1_seed_42,8.0,0.7203952973249276,0.47707966195853563,0.7636127917026794
solubility,v5,esm2,fine_tuned,True,False,,mlp,42,end_to_end_tuning,0.0001,0.0001,1e-05,1e-05,1e-05,0.0,0.1,0.0,0.0,complete,Code/results/classifier/solubility/v5/unfrozen/tuning/mlp/esm2/lr_1e-4_wd_0_do_0.1_rep_lr_1e-5_ae_do_0_esm_do_0_seed_42,True,/home/ubuntu/protein-sequence-augmentation/checkpoints/classifier/solubility/v5/unfrozen/tuning/mlp/esm2/lr_1e-4_wd_0_do_0.1_ae_do_0_esm_do_0_seed_42,,source_2,/Users/josh/GWU/research/v5/encoder_lr_1e-5/unfrozen/tuning/mlp/esm2/lr_1e-4_wd_0_do_0.1_ae_do_0_esm_do_0_seed_42,3.0,0.7252329996548154,0.45742351901149997,0.7706712762892538
solubility,v5,esm2,fine_tuned,True,False,,mlp,42,end_to_end_tuning,0.0001,0.0001,1e-05,1e-05,1e-05,0.0,0.1,0.0,0.1,complete,Code/results/classifier/solubility/v5/unfrozen/tuning/mlp/esm2/lr_1e-4_wd_0_do_0.1_rep_lr_1e-5_ae_do_0_esm_do_0.1_seed_42,True,/home/ubuntu/protein-sequence-augmentation/checkpoints/classifier/solubility/v5/unfrozen/tuning/mlp/esm2/lr_1e-4_wd_0_do_0.1_ae_do_0_esm_do_0.1_seed_42,,source_2,/Users/josh/GWU/research/v5/encoder_lr_1e-5/unfrozen/tuning/mlp/esm2/lr_1e-4_wd_0_do_0.1_ae_do_0_esm_do_0.1_seed_42,3.0,0.7331417948284603,0.45958178039415876,0.7725439354652838
solubility,v5,esm2,fine_tuned,True,False,,mlp,42,end_to_end_tuning,0.0001,0.0001,1e-05,1e-05,1e-05,0.0001,0.1,0.0,0.0,complete,Code/results/classifier/solubility/v5/unfrozen/tuning/mlp/esm2/lr_1e-4_wd_1e-4_do_0.1_rep_lr_1e-5_ae_do_0_esm_do_0_seed_42,True,/home/ubuntu/protein-sequence-augmentation/checkpoints/classifier/solubility/v5/unfrozen/tuning/mlp/esm2/lr_1e-4_wd_1e-4_do_0.1_ae_do_0_esm_do_0_seed_42,,source_2,/Users/josh/GWU/research/v5/encoder_lr_1e-5/unfrozen/tuning/mlp/esm2/lr_1e-4_wd_1e-4_do_0.1_ae_do_0_esm_do_0_seed_42,3.0,0.730191256830601,0.4577402062853624,0.7723998847594353
solubility,v5,esm2,fine_tuned,True,False,,mlp,42,end_to_end_tuning,0.0001,0.0001,1e-05,1e-05,1e-05,0.0001,0.1,0.0,0.1,complete,Code/results/classifier/solubility/v5/unfrozen/tuning/mlp/esm2/lr_1e-4_wd_1e-4_do_0.1_rep_lr_1e-5_ae_do_0_esm_do_0.1_seed_42,True,/home/ubuntu/protein-sequence-augmentation/checkpoints/classifier/solubility/v5/unfrozen/tuning/mlp/esm2/lr_1e-4_wd_1e-4_do_0.1_ae_do_0_esm_do_0.1_seed_42,,source_2,/Users/josh/GWU/research/v5/encoder_lr_1e-5/unfrozen/tuning/mlp/esm2/lr_1e-4_wd_1e-4_do_0.1_ae_do_0_esm_do_0.1_seed_42,3.0,0.7288510638297873,0.4608013853237561,0.7705272255834054
solubility,v5,esm2,fine_tuned,True,False,,mlp,42,end_to_end_tuning,0.0001,0.0001,0.0001,0.0001,0.0001,0.0,0.1,0.0,0.0,complete,Code/results/classifier/solubility/v5/unfrozen/tuning/mlp/esm2/lr_1e-4_wd_0_do_0.1_rep_lr_1e-4_ae_do_0_esm_do_0_seed_42,True,/home/ubuntu/protein-sequence-augmentation/checkpoints/classifier/solubility/v5/unfrozen/tuning/mlp/esm2/lr_1e-4_wd_0_do_0.1_ae_do_0_esm_do_0_seed_42,,source_1,/Users/josh/GWU/research/v5/encoder_lr_1e-4/unfrozen/tuning/mlp/esm2/lr_1e-4_wd_0_do_0.1_ae_do_0_esm_do_0_seed_42,3.0,0.7156091592378955,0.45667064718814104,0.7656295015845578
solubility,v5,esm2,fine_tuned,True,False,,mlp,42,end_to_end_tuning,0.0001,0.0001,0.0001,0.0001,0.0001,0.0,0.1,0.0,0.1,complete,Code/results/classifier/solubility/v5/unfrozen/tuning/mlp/esm2/lr_1e-4_wd_0_do_0.1_rep_lr_1e-4_ae_do_0_esm_do_0.1_seed_42,True,/home/ubuntu/protein-sequence-augmentation/checkpoints/classifier/solubility/v5/unfrozen/tuning/mlp/esm2/lr_1e-4_wd_0_do_0.1_ae_do_0_esm_do_0.1_seed_42,,source_1,/Users/josh/GWU/research/v5/encoder_lr_1e-4/unfrozen/tuning/mlp/esm2/lr_1e-4_wd_0_do_0.1_ae_do_0_esm_do_0.1_seed_42,3.0,0.6997255260750229,0.46530994885388866,0.7636127917026794
solubility,v5,esm2,fine_tuned,True,False,,mlp,42,end_to_end_tuning,0.0001,0.0001,0.0001,0.0001,0.0001,0.0001,0.1,0.0,0.0,complete,Code/results/classifier/solubility/v5/unfrozen/tuning/mlp/esm2/lr_1e-4_wd_1e-4_do_0.1_rep_lr_1e-4_ae_do_0_esm_do_0_seed_42,True,/home/ubuntu/protein-sequence-augmentation/checkpoints/classifier/solubility/v5/unfrozen/tuning/mlp/esm2/lr_1e-4_wd_1e-4_do_0.1_ae_do_0_esm_do_0_seed_42,,source_1,/Users/josh/GWU/research/v5/encoder_lr_1e-4/unfrozen/tuning/mlp/esm2/lr_1e-4_wd_1e-4_do_0.1_ae_do_0_esm_do_0_seed_42,8.0,0.7151006711409396,0.48749386575647197,0.7554019014693172
solubility,v5,esm2,fine_tuned,True,False,,mlp,42,end_to_end_tuning,0.0001,0.0001,0.0001,0.0001,0.0001,0.0001,0.1,0.0,0.1,complete,Code/results/classifier/solubility/v5/unfrozen/tuning/mlp/esm2/lr_1e-4_wd_1e-4_do_0.1_rep_lr_1e-4_ae_do_0_esm_do_0.1_seed_42,True,/home/ubuntu/protein-sequence-augmentation/checkpoints/classifier/solubility/v5/unfrozen/tuning/mlp/esm2/lr_1e-4_wd_1e-4_do_0.1_ae_do_0_esm_do_0.1_seed_42,,source_1,/Users/josh/GWU/research/v5/encoder_lr_1e-4/unfrozen/tuning/mlp/esm2/lr_1e-4_wd_1e-4_do_0.1_ae_do_0_esm_do_0.1_seed_42,8.0,0.7127814676818403,0.4922917302610963,0.7445980985306828
solubility,v5,trained_autoencoder,fine_tuned,False,True,v5,linear,42,end_to_end_tuning,0.0001,0.0001,1e-06,1e-06,1e-06,0.0,,0.0,0.0,complete,Code/results/classifier/solubility/v5/unfrozen/tuning/linear/trained_autoencoder/lr_1e-4_wd_0_rep_lr_1e-6_ae_do_0_esm_do_0_seed_42,True,/home/ubuntu/protein-sequence-augmentation/checkpoints/classifier/solubility/v5/unfrozen/tuning/linear/trained_autoencoder/lr_1e-4_wd_0_ae_do_0_esm_do_0_seed_42,,source_3,/Users/josh/GWU/research/v5/encoder_lr_1e-6/unfrozen/tuning/linear/trained_autoencoder/lr_1e-4_wd_0_ae_do_0_esm_do_0_seed_42,3.0,0.6391854163245196,0.567405943824523,0.6835205992509363
solubility,v5,trained_autoencoder,fine_tuned,False,True,v5,linear,42,end_to_end_tuning,0.0001,0.0001,1e-06,1e-06,1e-06,0.0,,0.1,0.0,complete,Code/results/classifier/solubility/v5/unfrozen/tuning/linear/trained_autoencoder/lr_1e-4_wd_0_rep_lr_1e-6_ae_do_0.1_esm_do_0_seed_42,True,/home/ubuntu/protein-sequence-augmentation/checkpoints/classifier/solubility/v5/unfrozen/tuning/linear/trained_autoencoder/lr_1e-4_wd_0_ae_do_0.1_esm_do_0_seed_42,,source_3,/Users/josh/GWU/research/v5/encoder_lr_1e-6/unfrozen/tuning/linear/trained_autoencoder/lr_1e-4_wd_0_ae_do_0.1_esm_do_0_seed_42,8.0,0.6449511400651465,0.5392666663432526,0.7016709881878421
solubility,v5,trained_autoencoder,fine_tuned,False,True,v5,linear,42,end_to_end_tuning,0.0001,0.0001,1e-06,1e-06,1e-06,0.0,,0.2,0.0,complete,Code/results/classifier/solubility/v5/unfrozen/tuning/linear/trained_autoencoder/lr_1e-4_wd_0_rep_lr_1e-6_ae_do_0.2_esm_do_0_seed_42,True,/home/ubuntu/protein-sequence-augmentation/checkpoints/classifier/solubility/v5/unfrozen/tuning/linear/trained_autoencoder/lr_1e-4_wd_0_ae_do_0.2_esm_do_0_seed_42,,source_3,/Users/josh/GWU/research/v5/encoder_lr_1e-6/unfrozen/tuning/linear/trained_autoencoder/lr_1e-4_wd_0_ae_do_0.2_esm_do_0_seed_42,10.0,0.6387323943661972,0.5366455325473114,0.7044079515989629
solubility,v5,trained_autoencoder,fine_tuned,False,True,v5,linear,42,end_to_end_tuning,0.0001,0.0001,1e-06,1e-06,1e-06,0.0001,,0.0,0.0,complete,Code/results/classifier/solubility/v5/unfrozen/tuning/linear/trained_autoencoder/lr_1e-4_wd_1e-4_rep_lr_1e-6_ae_do_0_esm_do_0_seed_42,True,/home/ubuntu/protein-sequence-augmentation/checkpoints/classifier/solubility/v5/unfrozen/tuning/linear/trained_autoencoder/lr_1e-4_wd_1e-4_ae_do_0_esm_do_0_seed_42,,source_3,/Users/josh/GWU/research/v5/encoder_lr_1e-6/unfrozen/tuning/linear/trained_autoencoder/lr_1e-4_wd_1e-4_ae_do_0_esm_do_0_seed_42,8.0,0.6462328767123288,0.5387418686879949,0.7023912417170844
solubility,v5,trained_autoencoder,fine_tuned,False,True,v5,linear,42,end_to_end_tuning,0.0001,0.0001,1e-06,1e-06,1e-06,0.0001,,0.1,0.0,complete,Code/results/classifier/solubility/v5/unfrozen/tuning/linear/trained_autoencoder/lr_1e-4_wd_1e-4_rep_lr_1e-6_ae_do_0.1_esm_do_0_seed_42,True,/home/ubuntu/protein-sequence-augmentation/checkpoints/classifier/solubility/v5/unfrozen/tuning/linear/trained_autoencoder/lr_1e-4_wd_1e-4_ae_do_0.1_esm_do_0_seed_42,,source_3,/Users/josh/GWU/research/v5/encoder_lr_1e-6/unfrozen/tuning/linear/trained_autoencoder/lr_1e-4_wd_1e-4_ae_do_0.1_esm_do_0_seed_42,8.0,0.6412239986247207,0.5427455567928942,0.6993661768942668
solubility,v5,trained_autoencoder,fine_tuned,False,True,v5,linear,42,end_to_end_tuning,0.0001,0.0001,1e-06,1e-06,1e-06,0.0001,,0.2,0.0,complete,Code/results/classifier/solubility/v5/unfrozen/tuning/linear/trained_autoencoder/lr_1e-4_wd_1e-4_rep_lr_1e-6_ae_do_0.2_esm_do_0_seed_42,True,/home/ubuntu/protein-sequence-augmentation/checkpoints/classifier/solubility/v5/unfrozen/tuning/linear/trained_autoencoder/lr_1e-4_wd_1e-4_ae_do_0.2_esm_do_0_seed_42,,source_3,/Users/josh/GWU/research/v5/encoder_lr_1e-6/unfrozen/tuning/linear/trained_autoencoder/lr_1e-4_wd_1e-4_ae_do_0.2_esm_do_0_seed_42,8.0,0.6331658291457286,0.5460367189707931,0.695044655718813
solubility,v5,trained_autoencoder,fine_tuned,False,True,v5,linear,42,end_to_end_tuning,0.0001,0.0001,1e-05,1e-05,1e-05,0.0,,0.0,0.0,complete,Code/results/classifier/solubility/v5/unfrozen/tuning/linear/trained_autoencoder/lr_1e-4_wd_0_rep_lr_1e-5_ae_do_0_esm_do_0_seed_42,True,/home/ubuntu/protein-sequence-augmentation/checkpoints/classifier/solubility/v5/unfrozen/tuning/linear/trained_autoencoder/lr_1e-4_wd_0_ae_do_0_esm_do_0_seed_42,,source_2,/Users/josh/GWU/research/v5/encoder_lr_1e-5/unfrozen/tuning/linear/trained_autoencoder/lr_1e-4_wd_0_ae_do_0_esm_do_0_seed_42,8.0,0.6819531507753217,0.5122725438810638,0.7222702391241717
solubility,v5,trained_autoencoder,fine_tuned,False,True,v5,linear,42,end_to_end_tuning,0.0001,0.0001,1e-05,1e-05,1e-05,0.0,,0.1,0.0,complete,Code/results/classifier/solubility/v5/unfrozen/tuning/linear/trained_autoencoder/lr_1e-4_wd_0_rep_lr_1e-5_ae_do_0.1_esm_do_0_seed_42,True,/home/ubuntu/protein-sequence-augmentation/checkpoints/classifier/solubility/v5/unfrozen/tuning/linear/trained_autoencoder/lr_1e-4_wd_0_ae_do_0.1_esm_do_0_seed_42,,source_2,/Users/josh/GWU/research/v5/encoder_lr_1e-5/unfrozen/tuning/linear/trained_autoencoder/lr_1e-4_wd_0_ae_do_0.1_esm_do_0_seed_42,3.0,0.6754067287948191,0.5290064613367838,0.7039757994814174
solubility,v5,trained_autoencoder,fine_tuned,False,True,v5,linear,42,end_to_end_tuning,0.0001,0.0001,1e-05,1e-05,1e-05,0.0,,0.2,0.0,complete,Code/results/classifier/solubility/v5/unfrozen/tuning/linear/trained_autoencoder/lr_1e-4_wd_0_rep_lr_1e-5_ae_do_0.2_esm_do_0_seed_42,True,/home/ubuntu/protein-sequence-augmentation/checkpoints/classifier/solubility/v5/unfrozen/tuning/linear/trained_autoencoder/lr_1e-4_wd_0_ae_do_0.2_esm_do_0_seed_42,,source_2,/Users/josh/GWU/research/v5/encoder_lr_1e-5/unfrozen/tuning/linear/trained_autoencoder/lr_1e-4_wd_0_ae_do_0.2_esm_do_0_seed_42,3.0,0.6792511700468019,0.5301760513581243,0.703831748775569
solubility,v5,trained_autoencoder,fine_tuned,False,True,v5,linear,42,end_to_end_tuning,0.0001,0.0001,1e-05,1e-05,1e-05,0.0001,,0.0,0.0,complete,Code/results/classifier/solubility/v5/unfrozen/tuning/linear/trained_autoencoder/lr_1e-4_wd_1e-4_rep_lr_1e-5_ae_do_0_esm_do_0_seed_42,True,/home/ubuntu/protein-sequence-augmentation/checkpoints/classifier/solubility/v5/unfrozen/tuning/linear/trained_autoencoder/lr_1e-4_wd_1e-4_ae_do_0_esm_do_0_seed_42,,source_2,/Users/josh/GWU/research/v5/encoder_lr_1e-5/unfrozen/tuning/linear/trained_autoencoder/lr_1e-4_wd_1e-4_ae_do_0_esm_do_0_seed_42,8.0,0.6875943253848475,0.5244546474245501,0.7018150388936906
solubility,v5,trained_autoencoder,fine_tuned,False,True,v5,linear,42,end_to_end_tuning,0.0001,0.0001,1e-05,1e-05,1e-05,0.0001,,0.1,0.0,complete,Code/results/classifier/solubility/v5/unfrozen/tuning/linear/trained_autoencoder/lr_1e-4_wd_1e-4_rep_lr_1e-5_ae_do_0.1_esm_do_0_seed_42,True,/home/ubuntu/protein-sequence-augmentation/checkpoints/classifier/solubility/v5/unfrozen/tuning/linear/trained_autoencoder/lr_1e-4_wd_1e-4_ae_do_0.1_esm_do_0_seed_42,,source_2,/Users/josh/GWU/research/v5/encoder_lr_1e-5/unfrozen/tuning/linear/trained_autoencoder/lr_1e-4_wd_1e-4_ae_do_0.1_esm_do_0_seed_42,8.0,0.6859387274155538,0.5198299336144918,0.7120426390089312
solubility,v5,trained_autoencoder,fine_tuned,False,True,v5,linear,42,end_to_end_tuning,0.0001,0.0001,1e-05,1e-05,1e-05,0.0001,,0.2,0.0,complete,Code/results/classifier/solubility/v5/unfrozen/tuning/linear/trained_autoencoder/lr_1e-4_wd_1e-4_rep_lr_1e-5_ae_do_0.2_esm_do_0_seed_42,True,/home/ubuntu/protein-sequence-augmentation/checkpoints/classifier/solubility/v5/unfrozen/tuning/linear/trained_autoencoder/lr_1e-4_wd_1e-4_ae_do_0.2_esm_do_0_seed_42,,source_2,/Users/josh/GWU/research/v5/encoder_lr_1e-5/unfrozen/tuning/linear/trained_autoencoder/lr_1e-4_wd_1e-4_ae_do_0.2_esm_do_0_seed_42,8.0,0.6824324324324325,0.516370179810465,0.7156439066551427
solubility,v5,trained_autoencoder,fine_tuned,False,True,v5,linear,42,end_to_end_tuning,0.0001,0.0001,0.0001,0.0001,0.0001,0.0,,0.0,0.0,failed,,False,/home/ubuntu/protein-sequence-augmentation/checkpoints/classifier/solubility/v5/unfrozen/tuning/linear/trained_autoencoder/lr_1e-4_wd_0_ae_do_0_esm_do_0_seed_42,Non-finite gradient norm in training batch 2919.,source_1,/Users/josh/GWU/research/v5/encoder_lr_1e-4/unfrozen/tuning/linear/trained_autoencoder/lr_1e-4_wd_0_ae_do_0_esm_do_0_seed_42,,,,
solubility,v5,trained_autoencoder,fine_tuned,False,True,v5,linear,42,end_to_end_tuning,0.0001,0.0001,0.0001,0.0001,0.0001,0.0,,0.1,0.0,failed,,False,/home/ubuntu/protein-sequence-augmentation/checkpoints/classifier/solubility/v5/unfrozen/tuning/linear/trained_autoencoder/lr_1e-4_wd_0_ae_do_0.1_esm_do_0_seed_42,Non-finite gradient norm in training batch 1745.,source_1,/Users/josh/GWU/research/v5/encoder_lr_1e-4/unfrozen/tuning/linear/trained_autoencoder/lr_1e-4_wd_0_ae_do_0.1_esm_do_0_seed_42,,,,
solubility,v5,trained_autoencoder,fine_tuned,False,True,v5,linear,42,end_to_end_tuning,0.0001,0.0001,0.0001,0.0001,0.0001,0.0,,0.2,0.0,failed,,False,/home/ubuntu/protein-sequence-augmentation/checkpoints/classifier/solubility/v5/unfrozen/tuning/linear/trained_autoencoder/lr_1e-4_wd_0_ae_do_0.2_esm_do_0_seed_42,Non-finite gradient norm in training batch 1710.,source_1,/Users/josh/GWU/research/v5/encoder_lr_1e-4/unfrozen/tuning/linear/trained_autoencoder/lr_1e-4_wd_0_ae_do_0.2_esm_do_0_seed_42,,,,
solubility,v5,trained_autoencoder,fine_tuned,False,True,v5,linear,42,end_to_end_tuning,0.0001,0.0001,0.0001,0.0001,0.0001,0.0001,,0.0,0.0,complete,Code/results/classifier/solubility/v5/unfrozen/tuning/linear/trained_autoencoder/lr_1e-4_wd_1e-4_rep_lr_1e-4_ae_do_0_esm_do_0_seed_42,True,/home/ubuntu/protein-sequence-augmentation/checkpoints/classifier/solubility/v5/unfrozen/tuning/linear/trained_autoencoder/lr_1e-4_wd_1e-4_ae_do_0_esm_do_0_seed_42,,source_1,/Users/josh/GWU/research/v5/encoder_lr_1e-4/unfrozen/tuning/linear/trained_autoencoder/lr_1e-4_wd_1e-4_ae_do_0_esm_do_0_seed_42,8.0,0.6954664914586071,0.501096376078646,0.7329299913569577
solubility,v5,trained_autoencoder,fine_tuned,False,True,v5,linear,42,end_to_end_tuning,0.0001,0.0001,0.0001,0.0001,0.0001,0.0001,,0.1,0.0,complete,Code/results/classifier/solubility/v5/unfrozen/tuning/linear/trained_autoencoder/lr_1e-4_wd_1e-4_rep_lr_1e-4_ae_do_0.1_esm_do_0_seed_42,True,/home/ubuntu/protein-sequence-augmentation/checkpoints/classifier/solubility/v5/unfrozen/tuning/linear/trained_autoencoder/lr_1e-4_wd_1e-4_ae_do_0.1_esm_do_0_seed_42,,source_1,/Users/josh/GWU/research/v5/encoder_lr_1e-4/unfrozen/tuning/linear/trained_autoencoder/lr_1e-4_wd_1e-4_ae_do_0.1_esm_do_0_seed_42,8.0,0.6967239701589361,0.5066335462366459,0.7306251800633823
solubility,v5,trained_autoencoder,fine_tuned,False,True,v5,linear,42,end_to_end_tuning,0.0001,0.0001,0.0001,0.0001,0.0001,0.0001,,0.2,0.0,complete,Code/results/classifier/solubility/v5/unfrozen/tuning/linear/trained_autoencoder/lr_1e-4_wd_1e-4_rep_lr_1e-4_ae_do_0.2_esm_do_0_seed_42,True,/home/ubuntu/protein-sequence-augmentation/checkpoints/classifier/solubility/v5/unfrozen/tuning/linear/trained_autoencoder/lr_1e-4_wd_1e-4_ae_do_0.2_esm_do_0_seed_42,,source_1,/Users/josh/GWU/research/v5/encoder_lr_1e-4/unfrozen/tuning/linear/trained_autoencoder/lr_1e-4_wd_1e-4_ae_do_0.2_esm_do_0_seed_42,8.0,0.6975308641975309,0.509157955655101,0.7317775857101699
solubility,v5,trained_autoencoder,fine_tuned,False,True,v5,mlp,42,end_to_end_tuning,0.0001,0.0001,1e-06,1e-06,1e-06,0.0,0.1,0.0,0.0,complete,Code/results/classifier/solubility/v5/unfrozen/tuning/mlp/trained_autoencoder/lr_1e-4_wd_0_do_0.1_rep_lr_1e-6_ae_do_0_esm_do_0_seed_42,True,/home/ubuntu/protein-sequence-augmentation/checkpoints/classifier/solubility/v5/unfrozen/tuning/mlp/trained_autoencoder/lr_1e-4_wd_0_do_0.1_ae_do_0_esm_do_0_seed_42,,source_3,/Users/josh/GWU/research/v5/encoder_lr_1e-6/unfrozen/tuning/mlp/trained_autoencoder/lr_1e-4_wd_0_do_0.1_ae_do_0_esm_do_0_seed_42,3.0,0.6775588659298414,0.5328213881944861,0.7100259291270528
solubility,v5,trained_autoencoder,fine_tuned,False,True,v5,mlp,42,end_to_end_tuning,0.0001,0.0001,1e-06,1e-06,1e-06,0.0,0.1,0.1,0.0,complete,Code/results/classifier/solubility/v5/unfrozen/tuning/mlp/trained_autoencoder/lr_1e-4_wd_0_do_0.1_rep_lr_1e-6_ae_do_0.1_esm_do_0_seed_42,True,/home/ubuntu/protein-sequence-augmentation/checkpoints/classifier/solubility/v5/unfrozen/tuning/mlp/trained_autoencoder/lr_1e-4_wd_0_do_0.1_ae_do_0.1_esm_do_0_seed_42,,source_3,/Users/josh/GWU/research/v5/encoder_lr_1e-6/unfrozen/tuning/mlp/trained_autoencoder/lr_1e-4_wd_0_do_0.1_ae_do_0.1_esm_do_0_seed_42,3.0,0.6735026041666666,0.532629914944538,0.711034284067992
solubility,v5,trained_autoencoder,fine_tuned,False,True,v5,mlp,42,end_to_end_tuning,0.0001,0.0001,1e-06,1e-06,1e-06,0.0,0.1,0.2,0.0,complete,Code/results/classifier/solubility/v5/unfrozen/tuning/mlp/trained_autoencoder/lr_1e-4_wd_0_do_0.1_rep_lr_1e-6_ae_do_0.2_esm_do_0_seed_42,True,/home/ubuntu/protein-sequence-augmentation/checkpoints/classifier/solubility/v5/unfrozen/tuning/mlp/trained_autoencoder/lr_1e-4_wd_0_do_0.1_ae_do_0.2_esm_do_0_seed_42,,source_3,/Users/josh/GWU/research/v5/encoder_lr_1e-6/unfrozen/tuning/mlp/trained_autoencoder/lr_1e-4_wd_0_do_0.1_ae_do_0.2_esm_do_0_seed_42,10.0,0.6706543411274243,0.5076125321608735,0.7382598674733506
solubility,v5,trained_autoencoder,fine_tuned,False,True,v5,mlp,42,end_to_end_tuning,0.0001,0.0001,1e-06,1e-06,1e-06,0.0001,0.1,0.0,0.0,complete,Code/results/classifier/solubility/v5/unfrozen/tuning/mlp/trained_autoencoder/lr_1e-4_wd_1e-4_do_0.1_rep_lr_1e-6_ae_do_0_esm_do_0_seed_42,True,/home/ubuntu/protein-sequence-augmentation/checkpoints/classifier/solubility/v5/unfrozen/tuning/mlp/trained_autoencoder/lr_1e-4_wd_1e-4_do_0.1_ae_do_0_esm_do_0_seed_42,,source_3,/Users/josh/GWU/research/v5/encoder_lr_1e-6/unfrozen/tuning/mlp/trained_autoencoder/lr_1e-4_wd_1e-4_do_0.1_ae_do_0_esm_do_0_seed_42,3.0,0.6795774647887324,0.5328099503104332,0.7116104868913857
solubility,v5,trained_autoencoder,fine_tuned,False,True,v5,mlp,42,end_to_end_tuning,0.0001,0.0001,1e-06,1e-06,1e-06,0.0001,0.1,0.1,0.0,complete,Code/results/classifier/solubility/v5/unfrozen/tuning/mlp/trained_autoencoder/lr_1e-4_wd_1e-4_do_0.1_rep_lr_1e-6_ae_do_0.1_esm_do_0_seed_42,True,/home/ubuntu/protein-sequence-augmentation/checkpoints/classifier/solubility/v5/unfrozen/tuning/mlp/trained_autoencoder/lr_1e-4_wd_1e-4_do_0.1_ae_do_0.1_esm_do_0_seed_42,,source_3,/Users/josh/GWU/research/v5/encoder_lr_1e-6/unfrozen/tuning/mlp/trained_autoencoder/lr_1e-4_wd_1e-4_do_0.1_ae_do_0.1_esm_do_0_seed_42,3.0,0.6762288477034649,0.5334821030544774,0.7106021319504465
solubility,v5,trained_autoencoder,fine_tuned,False,True,v5,mlp,42,end_to_end_tuning,0.0001,0.0001,1e-06,1e-06,1e-06,0.0001,0.1,0.2,0.0,complete,Code/results/classifier/solubility/v5/unfrozen/tuning/mlp/trained_autoencoder/lr_1e-4_wd_1e-4_do_0.1_rep_lr_1e-6_ae_do_0.2_esm_do_0_seed_42,True,/home/ubuntu/protein-sequence-augmentation/checkpoints/classifier/solubility/v5/unfrozen/tuning/mlp/trained_autoencoder/lr_1e-4_wd_1e-4_do_0.1_ae_do_0.2_esm_do_0_seed_42,,source_3,/Users/josh/GWU/research/v5/encoder_lr_1e-6/unfrozen/tuning/mlp/trained_autoencoder/lr_1e-4_wd_1e-4_do_0.1_ae_do_0.2_esm_do_0_seed_42,3.0,0.6730800586988424,0.5344294178077172,0.7111783347738404
solubility,v5,trained_autoencoder,fine_tuned,False,True,v5,mlp,42,end_to_end_tuning,0.0001,0.0001,1e-05,1e-05,1e-05,0.0,0.1,0.0,0.0,complete,Code/results/classifier/solubility/v5/unfrozen/tuning/mlp/trained_autoencoder/lr_1e-4_wd_0_do_0.1_rep_lr_1e-5_ae_do_0_esm_do_0_seed_42,True,/home/ubuntu/protein-sequence-augmentation/checkpoints/classifier/solubility/v5/unfrozen/tuning/mlp/trained_autoencoder/lr_1e-4_wd_0_do_0.1_ae_do_0_esm_do_0_seed_42,,source_2,/Users/josh/GWU/research/v5/encoder_lr_1e-5/unfrozen/tuning/mlp/trained_autoencoder/lr_1e-4_wd_0_do_0.1_ae_do_0_esm_do_0_seed_42,8.0,0.6941176470588235,0.4946877359485324,0.7453183520599251
solubility,v5,trained_autoencoder,fine_tuned,False,True,v5,mlp,42,end_to_end_tuning,0.0001,0.0001,1e-05,1e-05,1e-05,0.0,0.1,0.1,0.0,complete,Code/results/classifier/solubility/v5/unfrozen/tuning/mlp/trained_autoencoder/lr_1e-4_wd_0_do_0.1_rep_lr_1e-5_ae_do_0.1_esm_do_0_seed_42,True,/home/ubuntu/protein-sequence-augmentation/checkpoints/classifier/solubility/v5/unfrozen/tuning/mlp/trained_autoencoder/lr_1e-4_wd_0_do_0.1_ae_do_0.1_esm_do_0_seed_42,,source_2,/Users/josh/GWU/research/v5/encoder_lr_1e-5/unfrozen/tuning/mlp/trained_autoencoder/lr_1e-4_wd_0_do_0.1_ae_do_0.1_esm_do_0_seed_42,8.0,0.6869333333333333,0.49393886538102766,0.7463267070008643
solubility,v5,trained_autoencoder,fine_tuned,False,True,v5,mlp,42,end_to_end_tuning,0.0001,0.0001,1e-05,1e-05,1e-05,0.0,0.1,0.2,0.0,complete,Code/results/classifier/solubility/v5/unfrozen/tuning/mlp/trained_autoencoder/lr_1e-4_wd_0_do_0.1_rep_lr_1e-5_ae_do_0.2_esm_do_0_seed_42,True,/home/ubuntu/protein-sequence-augmentation/checkpoints/classifier/solubility/v5/unfrozen/tuning/mlp/trained_autoencoder/lr_1e-4_wd_0_do_0.1_ae_do_0.2_esm_do_0_seed_42,,source_2,/Users/josh/GWU/research/v5/encoder_lr_1e-5/unfrozen/tuning/mlp/trained_autoencoder/lr_1e-4_wd_0_do_0.1_ae_do_0.2_esm_do_0_seed_42,8.0,0.6856733010579165,0.4932671361287572,0.747479112647652
solubility,v5,trained_autoencoder,fine_tuned,False,True,v5,mlp,42,end_to_end_tuning,0.0001,0.0001,1e-05,1e-05,1e-05,0.0001,0.1,0.0,0.0,complete,Code/results/classifier/solubility/v5/unfrozen/tuning/mlp/trained_autoencoder/lr_1e-4_wd_1e-4_do_0.1_rep_lr_1e-5_ae_do_0_esm_do_0_seed_42,True,/home/ubuntu/protein-sequence-augmentation/checkpoints/classifier/solubility/v5/unfrozen/tuning/mlp/trained_autoencoder/lr_1e-4_wd_1e-4_do_0.1_ae_do_0_esm_do_0_seed_42,,source_2,/Users/josh/GWU/research/v5/encoder_lr_1e-5/unfrozen/tuning/mlp/trained_autoencoder/lr_1e-4_wd_1e-4_do_0.1_ae_do_0_esm_do_0_seed_42,8.0,0.6933701657458563,0.4932440558743044,0.7441659464131374
solubility,v5,trained_autoencoder,fine_tuned,False,True,v5,mlp,42,end_to_end_tuning,0.0001,0.0001,1e-05,1e-05,1e-05,0.0001,0.1,0.1,0.0,complete,Code/results/classifier/solubility/v5/unfrozen/tuning/mlp/trained_autoencoder/lr_1e-4_wd_1e-4_do_0.1_rep_lr_1e-5_ae_do_0.1_esm_do_0_seed_42,True,/home/ubuntu/protein-sequence-augmentation/checkpoints/classifier/solubility/v5/unfrozen/tuning/mlp/trained_autoencoder/lr_1e-4_wd_1e-4_do_0.1_ae_do_0.1_esm_do_0_seed_42,,source_2,/Users/josh/GWU/research/v5/encoder_lr_1e-5/unfrozen/tuning/mlp/trained_autoencoder/lr_1e-4_wd_1e-4_do_0.1_ae_do_0.1_esm_do_0_seed_42,8.0,0.6931370871127845,0.49537910177157474,0.7417170844137136
solubility,v5,trained_autoencoder,fine_tuned,False,True,v5,mlp,42,end_to_end_tuning,0.0001,0.0001,1e-05,1e-05,1e-05,0.0001,0.1,0.2,0.0,complete,Code/results/classifier/solubility/v5/unfrozen/tuning/mlp/trained_autoencoder/lr_1e-4_wd_1e-4_do_0.1_rep_lr_1e-5_ae_do_0.2_esm_do_0_seed_42,True,/home/ubuntu/protein-sequence-augmentation/checkpoints/classifier/solubility/v5/unfrozen/tuning/mlp/trained_autoencoder/lr_1e-4_wd_1e-4_do_0.1_ae_do_0.2_esm_do_0_seed_42,,source_2,/Users/josh/GWU/research/v5/encoder_lr_1e-5/unfrozen/tuning/mlp/trained_autoencoder/lr_1e-4_wd_1e-4_do_0.1_ae_do_0.2_esm_do_0_seed_42,8.0,0.6851654215581644,0.49257713746900894,0.7450302506482281
solubility,v5,trained_autoencoder,fine_tuned,False,True,v5,mlp,42,end_to_end_tuning,0.0001,0.0001,0.0001,0.0001,0.0001,0.0,0.1,0.0,0.0,failed,,False,/home/ubuntu/protein-sequence-augmentation/checkpoints/classifier/solubility/v5/unfrozen/tuning/mlp/trained_autoencoder/lr_1e-4_wd_0_do_0.1_ae_do_0_esm_do_0_seed_42,Non-finite gradient norm in training batch 1381.,source_1,/Users/josh/GWU/research/v5/encoder_lr_1e-4/unfrozen/tuning/mlp/trained_autoencoder/lr_1e-4_wd_0_do_0.1_ae_do_0_esm_do_0_seed_42,,,,
solubility,v5,trained_autoencoder,fine_tuned,False,True,v5,mlp,42,end_to_end_tuning,0.0001,0.0001,0.0001,0.0001,0.0001,0.0,0.1,0.1,0.0,complete,Code/results/classifier/solubility/v5/unfrozen/tuning/mlp/trained_autoencoder/lr_1e-4_wd_0_do_0.1_rep_lr_1e-4_ae_do_0.1_esm_do_0_seed_42,True,/home/ubuntu/protein-sequence-augmentation/checkpoints/classifier/solubility/v5/unfrozen/tuning/mlp/trained_autoencoder/lr_1e-4_wd_0_do_0.1_ae_do_0.1_esm_do_0_seed_42,,source_1,/Users/josh/GWU/research/v5/encoder_lr_1e-4/unfrozen/tuning/mlp/trained_autoencoder/lr_1e-4_wd_0_do_0.1_ae_do_0.1_esm_do_0_seed_42,3.0,0.6944396025797455,0.48389652872834277,0.747479112647652
solubility,v5,trained_autoencoder,fine_tuned,False,True,v5,mlp,42,end_to_end_tuning,0.0001,0.0001,0.0001,0.0001,0.0001,0.0,0.1,0.2,0.0,complete,Code/results/classifier/solubility/v5/unfrozen/tuning/mlp/trained_autoencoder/lr_1e-4_wd_0_do_0.1_rep_lr_1e-4_ae_do_0.2_esm_do_0_seed_42,True,/home/ubuntu/protein-sequence-augmentation/checkpoints/classifier/solubility/v5/unfrozen/tuning/mlp/trained_autoencoder/lr_1e-4_wd_0_do_0.1_ae_do_0.2_esm_do_0_seed_42,,source_1,/Users/josh/GWU/research/v5/encoder_lr_1e-4/unfrozen/tuning/mlp/trained_autoencoder/lr_1e-4_wd_0_do_0.1_ae_do_0.2_esm_do_0_seed_42,3.0,0.6958181502689571,0.48331688921893234,0.747479112647652
solubility,v5,trained_autoencoder,fine_tuned,False,True,v5,mlp,42,end_to_end_tuning,0.0001,0.0001,0.0001,0.0001,0.0001,0.0001,0.1,0.0,0.0,complete,Code/results/classifier/solubility/v5/unfrozen/tuning/mlp/trained_autoencoder/lr_1e-4_wd_1e-4_do_0.1_rep_lr_1e-4_ae_do_0_esm_do_0_seed_42,True,/home/ubuntu/protein-sequence-augmentation/checkpoints/classifier/solubility/v5/unfrozen/tuning/mlp/trained_autoencoder/lr_1e-4_wd_1e-4_do_0.1_ae_do_0_esm_do_0_seed_42,,source_1,/Users/josh/GWU/research/v5/encoder_lr_1e-4/unfrozen/tuning/mlp/trained_autoencoder/lr_1e-4_wd_1e-4_do_0.1_ae_do_0_esm_do_0_seed_42,8.0,0.704152528679916,0.4965654736858594,0.7362431575914722
solubility,v5,trained_autoencoder,fine_tuned,False,True,v5,mlp,42,end_to_end_tuning,0.0001,0.0001,0.0001,0.0001,0.0001,0.0001,0.1,0.1,0.0,complete,Code/results/classifier/solubility/v5/unfrozen/tuning/mlp/trained_autoencoder/lr_1e-4_wd_1e-4_do_0.1_rep_lr_1e-4_ae_do_0.1_esm_do_0_seed_42,True,/home/ubuntu/protein-sequence-augmentation/checkpoints/classifier/solubility/v5/unfrozen/tuning/mlp/trained_autoencoder/lr_1e-4_wd_1e-4_do_0.1_ae_do_0.1_esm_do_0_seed_42,,source_1,/Users/josh/GWU/research/v5/encoder_lr_1e-4/unfrozen/tuning/mlp/trained_autoencoder/lr_1e-4_wd_1e-4_do_0.1_ae_do_0.1_esm_do_0_seed_42,8.0,0.7031175059952038,0.5031036972329858,0.7324978392394123
solubility,v5,trained_autoencoder,fine_tuned,False,True,v5,mlp,42,end_to_end_tuning,0.0001,0.0001,0.0001,0.0001,0.0001,0.0001,0.1,0.2,0.0,complete,Code/results/classifier/solubility/v5/unfrozen/tuning/mlp/trained_autoencoder/lr_1e-4_wd_1e-4_do_0.1_rep_lr_1e-4_ae_do_0.2_esm_do_0_seed_42,True,/home/ubuntu/protein-sequence-augmentation/checkpoints/classifier/solubility/v5/unfrozen/tuning/mlp/trained_autoencoder/lr_1e-4_wd_1e-4_do_0.1_ae_do_0.2_esm_do_0_seed_42,,source_1,/Users/josh/GWU/research/v5/encoder_lr_1e-4/unfrozen/tuning/mlp/trained_autoencoder/lr_1e-4_wd_1e-4_do_0.1_ae_do_0.2_esm_do_0_seed_42,8.0,0.7022136047826789,0.5001997423769589,0.7345145491212907
solubility,v5,trained_autoencoder+esm2,fine_tuned,False,False,v5,linear,42,end_to_end_tuning,0.0001,0.0001,1e-06,1e-06,1e-06,0.0,,0.0,0.0,complete,Code/results/classifier/solubility/v5/unfrozen/tuning/linear/trained_autoencoder+esm2/lr_1e-4_wd_0_rep_lr_1e-6_ae_do_0_esm_do_0_seed_42,True,/home/ubuntu/protein-sequence-augmentation/checkpoints/classifier/solubility/v5/unfrozen/tuning/linear/trained_autoencoder+esm2/lr_1e-4_wd_0_ae_do_0_esm_do_0_seed_42,,source_3,/Users/josh/GWU/research/v5/encoder_lr_1e-6/unfrozen/tuning/linear/trained_autoencoder+esm2/lr_1e-4_wd_0_ae_do_0_esm_do_0_seed_42,8.0,0.7118700820358279,0.4892690888024036,0.7520887352348027
solubility,v5,trained_autoencoder+esm2,fine_tuned,False,False,v5,linear,42,end_to_end_tuning,0.0001,0.0001,1e-06,1e-06,1e-06,0.0,,0.1,0.05,complete,Code/results/classifier/solubility/v5/unfrozen/tuning/linear/trained_autoencoder+esm2/lr_1e-4_wd_0_rep_lr_1e-6_ae_do_0.1_esm_do_0.05_seed_42,True,/home/ubuntu/protein-sequence-augmentation/checkpoints/classifier/solubility/v5/unfrozen/tuning/linear/trained_autoencoder+esm2/lr_1e-4_wd_0_ae_do_0.1_esm_do_0.05_seed_42,,source_3,/Users/josh/GWU/research/v5/encoder_lr_1e-6/unfrozen/tuning/linear/trained_autoencoder+esm2/lr_1e-4_wd_0_ae_do_0.1_esm_do_0.05_seed_42,8.0,0.713081591368847,0.48671847046949923,0.7548256986459234
solubility,v5,trained_autoencoder+esm2,fine_tuned,False,False,v5,linear,42,end_to_end_tuning,0.0001,0.0001,1e-06,1e-06,1e-06,0.0,,0.2,0.1,complete,Code/results/classifier/solubility/v5/unfrozen/tuning/linear/trained_autoencoder+esm2/lr_1e-4_wd_0_rep_lr_1e-6_ae_do_0.2_esm_do_0.1_seed_42,True,/home/ubuntu/protein-sequence-augmentation/checkpoints/classifier/solubility/v5/unfrozen/tuning/linear/trained_autoencoder+esm2/lr_1e-4_wd_0_ae_do_0.2_esm_do_0.1_seed_42,,source_3,/Users/josh/GWU/research/v5/encoder_lr_1e-6/unfrozen/tuning/linear/trained_autoencoder+esm2/lr_1e-4_wd_0_ae_do_0.2_esm_do_0.1_seed_42,8.0,0.7119959507339295,0.4859327587707693,0.7541054451166811
solubility,v5,trained_autoencoder+esm2,fine_tuned,False,False,v5,linear,42,end_to_end_tuning,0.0001,0.0001,1e-06,1e-06,1e-06,0.0001,,0.0,0.0,complete,Code/results/classifier/solubility/v5/unfrozen/tuning/linear/trained_autoencoder+esm2/lr_1e-4_wd_1e-4_rep_lr_1e-6_ae_do_0_esm_do_0_seed_42,True,/home/ubuntu/protein-sequence-augmentation/checkpoints/classifier/solubility/v5/unfrozen/tuning/linear/trained_autoencoder+esm2/lr_1e-4_wd_1e-4_ae_do_0_esm_do_0_seed_42,,source_3,/Users/josh/GWU/research/v5/encoder_lr_1e-6/unfrozen/tuning/linear/trained_autoencoder+esm2/lr_1e-4_wd_1e-4_ae_do_0_esm_do_0_seed_42,8.0,0.7158597662771286,0.4873873573563965,0.7548256986459234
solubility,v5,trained_autoencoder+esm2,fine_tuned,False,False,v5,linear,42,end_to_end_tuning,0.0001,0.0001,1e-06,1e-06,1e-06,0.0001,,0.1,0.05,complete,Code/results/classifier/solubility/v5/unfrozen/tuning/linear/trained_autoencoder+esm2/lr_1e-4_wd_1e-4_rep_lr_1e-6_ae_do_0.1_esm_do_0.05_seed_42,True,/home/ubuntu/protein-sequence-augmentation/checkpoints/classifier/solubility/v5/unfrozen/tuning/linear/trained_autoencoder+esm2/lr_1e-4_wd_1e-4_ae_do_0.1_esm_do_0.05_seed_42,,source_3,/Users/josh/GWU/research/v5/encoder_lr_1e-6/unfrozen/tuning/linear/trained_autoencoder+esm2/lr_1e-4_wd_1e-4_ae_do_0.1_esm_do_0.05_seed_42,8.0,0.7161572052401747,0.4852557158356817,0.7565543071161048
solubility,v5,trained_autoencoder+esm2,fine_tuned,False,False,v5,linear,42,end_to_end_tuning,0.0001,0.0001,1e-06,1e-06,1e-06,0.0001,,0.2,0.1,complete,Code/results/classifier/solubility/v5/unfrozen/tuning/linear/trained_autoencoder+esm2/lr_1e-4_wd_1e-4_rep_lr_1e-6_ae_do_0.2_esm_do_0.1_seed_42,True,/home/ubuntu/protein-sequence-augmentation/checkpoints/classifier/solubility/v5/unfrozen/tuning/linear/trained_autoencoder+esm2/lr_1e-4_wd_1e-4_ae_do_0.2_esm_do_0.1_seed_42,,source_3,/Users/josh/GWU/research/v5/encoder_lr_1e-6/unfrozen/tuning/linear/trained_autoencoder+esm2/lr_1e-4_wd_1e-4_ae_do_0.2_esm_do_0.1_seed_42,8.0,0.7148391443489978,0.4842606564654771,0.7561221549985595
solubility,v5,trained_autoencoder+esm2,fine_tuned,False,False,v5,linear,42,end_to_end_tuning,0.0001,0.0001,1e-05,1e-05,1e-05,0.0,,0.0,0.0,complete,Code/results/classifier/solubility/v5/unfrozen/tuning/linear/trained_autoencoder+esm2/lr_1e-4_wd_0_rep_lr_1e-5_ae_do_0_esm_do_0_seed_42,True,/home/ubuntu/protein-sequence-augmentation/checkpoints/classifier/solubility/v5/unfrozen/tuning/linear/trained_autoencoder+esm2/lr_1e-4_wd_0_ae_do_0_esm_do_0_seed_42,,source_2,/Users/josh/GWU/research/v5/encoder_lr_1e-5/unfrozen/tuning/linear/trained_autoencoder+esm2/lr_1e-4_wd_0_ae_do_0_esm_do_0_seed_42,3.0,0.7210195530726257,0.4607203096125594,0.769806972054163
solubility,v5,trained_autoencoder+esm2,fine_tuned,False,False,v5,linear,42,end_to_end_tuning,0.0001,0.0001,1e-05,1e-05,1e-05,0.0,,0.1,0.05,complete,Code/results/classifier/solubility/v5/unfrozen/tuning/linear/trained_autoencoder+esm2/lr_1e-4_wd_0_rep_lr_1e-5_ae_do_0.1_esm_do_0.05_seed_42,True,/home/ubuntu/protein-sequence-augmentation/checkpoints/classifier/solubility/v5/unfrozen/tuning/linear/trained_autoencoder+esm2/lr_1e-4_wd_0_ae_do_0.1_esm_do_0.05_seed_42,,source_2,/Users/josh/GWU/research/v5/encoder_lr_1e-5/unfrozen/tuning/linear/trained_autoencoder+esm2/lr_1e-4_wd_0_ae_do_0.1_esm_do_0.05_seed_42,3.0,0.7192888888888889,0.45754524241157307,0.7725439354652838
solubility,v5,trained_autoencoder+esm2,fine_tuned,False,False,v5,linear,42,end_to_end_tuning,0.0001,0.0001,1e-05,1e-05,1e-05,0.0,,0.2,0.1,complete,Code/results/classifier/solubility/v5/unfrozen/tuning/linear/trained_autoencoder+esm2/lr_1e-4_wd_0_rep_lr_1e-5_ae_do_0.2_esm_do_0.1_seed_42,True,/home/ubuntu/protein-sequence-augmentation/checkpoints/classifier/solubility/v5/unfrozen/tuning/linear/trained_autoencoder+esm2/lr_1e-4_wd_0_ae_do_0.2_esm_do_0.1_seed_42,,source_2,/Users/josh/GWU/research/v5/encoder_lr_1e-5/unfrozen/tuning/linear/trained_autoencoder+esm2/lr_1e-4_wd_0_ae_do_0.2_esm_do_0.1_seed_42,3.0,0.719061788902503,0.45983127643896504,0.7687986171132238
solubility,v5,trained_autoencoder+esm2,fine_tuned,False,False,v5,linear,42,end_to_end_tuning,0.0001,0.0001,1e-05,1e-05,1e-05,0.0001,,0.0,0.0,complete,Code/results/classifier/solubility/v5/unfrozen/tuning/linear/trained_autoencoder+esm2/lr_1e-4_wd_1e-4_rep_lr_1e-5_ae_do_0_esm_do_0_seed_42,True,/home/ubuntu/protein-sequence-augmentation/checkpoints/classifier/solubility/v5/unfrozen/tuning/linear/trained_autoencoder+esm2/lr_1e-4_wd_1e-4_ae_do_0_esm_do_0_seed_42,,source_2,/Users/josh/GWU/research/v5/encoder_lr_1e-5/unfrozen/tuning/linear/trained_autoencoder+esm2/lr_1e-4_wd_1e-4_ae_do_0_esm_do_0_seed_42,3.0,0.718843645337564,0.45849706056103584,0.7702391241717085
solubility,v5,trained_autoencoder+esm2,fine_tuned,False,False,v5,linear,42,end_to_end_tuning,0.0001,0.0001,1e-05,1e-05,1e-05,0.0001,,0.1,0.05,complete,Code/results/classifier/solubility/v5/unfrozen/tuning/linear/trained_autoencoder+esm2/lr_1e-4_wd_1e-4_rep_lr_1e-5_ae_do_0.1_esm_do_0.05_seed_42,True,/home/ubuntu/protein-sequence-augmentation/checkpoints/classifier/solubility/v5/unfrozen/tuning/linear/trained_autoencoder+esm2/lr_1e-4_wd_1e-4_ae_do_0.1_esm_do_0.05_seed_42,,source_2,/Users/josh/GWU/research/v5/encoder_lr_1e-5/unfrozen/tuning/linear/trained_autoencoder+esm2/lr_1e-4_wd_1e-4_ae_do_0.1_esm_do_0.05_seed_42,3.0,0.7206405693950177,0.45732079403814613,0.7738403918179199
solubility,v5,trained_autoencoder+esm2,fine_tuned,False,False,v5,linear,42,end_to_end_tuning,0.0001,0.0001,1e-05,1e-05,1e-05,0.0001,,0.2,0.1,complete,Code/results/classifier/solubility/v5/unfrozen/tuning/linear/trained_autoencoder+esm2/lr_1e-4_wd_1e-4_rep_lr_1e-5_ae_do_0.2_esm_do_0.1_seed_42,True,/home/ubuntu/protein-sequence-augmentation/checkpoints/classifier/solubility/v5/unfrozen/tuning/linear/trained_autoencoder+esm2/lr_1e-4_wd_1e-4_ae_do_0.2_esm_do_0.1_seed_42,,source_2,/Users/josh/GWU/research/v5/encoder_lr_1e-5/unfrozen/tuning/linear/trained_autoencoder+esm2/lr_1e-4_wd_1e-4_ae_do_0.2_esm_do_0.1_seed_42,3.0,0.7227337110481586,0.45739063243637923,0.7744165946413137
solubility,v5,trained_autoencoder+esm2,fine_tuned,False,False,v5,linear,42,end_to_end_tuning,0.0001,0.0001,0.0001,0.0001,0.0001,0.0,,0.0,0.0,complete,Code/results/classifier/solubility/v5/unfrozen/tuning/linear/trained_autoencoder+esm2/lr_1e-4_wd_0_rep_lr_1e-4_ae_do_0_esm_do_0_seed_42,True,/home/ubuntu/protein-sequence-augmentation/checkpoints/classifier/solubility/v5/unfrozen/tuning/linear/trained_autoencoder+esm2/lr_1e-4_wd_0_ae_do_0_esm_do_0_seed_42,,source_1,/Users/josh/GWU/research/v5/encoder_lr_1e-4/unfrozen/tuning/linear/trained_autoencoder+esm2/lr_1e-4_wd_0_ae_do_0_esm_do_0_seed_42,1.0,0.7113520617709873,0.5020793838481744,0.7469029098242581
solubility,v5,trained_autoencoder+esm2,fine_tuned,False,False,v5,linear,42,end_to_end_tuning,0.0001,0.0001,0.0001,0.0001,0.0001,0.0,,0.1,0.05,complete,Code/results/classifier/solubility/v5/unfrozen/tuning/linear/trained_autoencoder+esm2/lr_1e-4_wd_0_rep_lr_1e-4_ae_do_0.1_esm_do_0.05_seed_42,True,/home/ubuntu/protein-sequence-augmentation/checkpoints/classifier/solubility/v5/unfrozen/tuning/linear/trained_autoencoder+esm2/lr_1e-4_wd_0_ae_do_0.1_esm_do_0.05_seed_42,,source_1,/Users/josh/GWU/research/v5/encoder_lr_1e-4/unfrozen/tuning/linear/trained_autoencoder+esm2/lr_1e-4_wd_0_ae_do_0.1_esm_do_0.05_seed_42,3.0,0.7022173355323438,0.4600369464214306,0.7659176029962547
solubility,v5,trained_autoencoder+esm2,fine_tuned,False,False,v5,linear,42,end_to_end_tuning,0.0001,0.0001,0.0001,0.0001,0.0001,0.0,,0.2,0.1,complete,Code/results/classifier/solubility/v5/unfrozen/tuning/linear/trained_autoencoder+esm2/lr_1e-4_wd_0_rep_lr_1e-4_ae_do_0.2_esm_do_0.1_seed_42,True,/home/ubuntu/protein-sequence-augmentation/checkpoints/classifier/solubility/v5/unfrozen/tuning/linear/trained_autoencoder+esm2/lr_1e-4_wd_0_ae_do_0.2_esm_do_0.1_seed_42,,source_1,/Users/josh/GWU/research/v5/encoder_lr_1e-4/unfrozen/tuning/linear/trained_autoencoder+esm2/lr_1e-4_wd_0_ae_do_0.2_esm_do_0.1_seed_42,3.0,0.7078899082568807,0.46723510638776616,0.7706712762892538
solubility,v5,trained_autoencoder+esm2,fine_tuned,False,False,v5,linear,42,end_to_end_tuning,0.0001,0.0001,0.0001,0.0001,0.0001,0.0001,,0.0,0.0,complete,Code/results/classifier/solubility/v5/unfrozen/tuning/linear/trained_autoencoder+esm2/lr_1e-4_wd_1e-4_rep_lr_1e-4_ae_do_0_esm_do_0_seed_42,True,/home/ubuntu/protein-sequence-augmentation/checkpoints/classifier/solubility/v5/unfrozen/tuning/linear/trained_autoencoder+esm2/lr_1e-4_wd_1e-4_ae_do_0_esm_do_0_seed_42,,source_1,/Users/josh/GWU/research/v5/encoder_lr_1e-4/unfrozen/tuning/linear/trained_autoencoder+esm2/lr_1e-4_wd_1e-4_ae_do_0_esm_do_0_seed_42,8.0,0.7179974651457541,0.49813713902219575,0.7435897435897436
solubility,v5,trained_autoencoder+esm2,fine_tuned,False,False,v5,linear,42,end_to_end_tuning,0.0001,0.0001,0.0001,0.0001,0.0001,0.0001,,0.1,0.05,complete,Code/results/classifier/solubility/v5/unfrozen/tuning/linear/trained_autoencoder+esm2/lr_1e-4_wd_1e-4_rep_lr_1e-4_ae_do_0.1_esm_do_0.05_seed_42,True,/home/ubuntu/protein-sequence-augmentation/checkpoints/classifier/solubility/v5/unfrozen/tuning/linear/trained_autoencoder+esm2/lr_1e-4_wd_1e-4_ae_do_0.1_esm_do_0.05_seed_42,,source_1,/Users/josh/GWU/research/v5/encoder_lr_1e-4/unfrozen/tuning/linear/trained_autoencoder+esm2/lr_1e-4_wd_1e-4_ae_do_0.1_esm_do_0.05_seed_42,8.0,0.7200502433663055,0.4884098392764487,0.7431575914721982
solubility,v5,trained_autoencoder+esm2,fine_tuned,False,False,v5,linear,42,end_to_end_tuning,0.0001,0.0001,0.0001,0.0001,0.0001,0.0001,,0.2,0.1,complete,Code/results/classifier/solubility/v5/unfrozen/tuning/linear/trained_autoencoder+esm2/lr_1e-4_wd_1e-4_rep_lr_1e-4_ae_do_0.2_esm_do_0.1_seed_42,True,/home/ubuntu/protein-sequence-augmentation/checkpoints/classifier/solubility/v5/unfrozen/tuning/linear/trained_autoencoder+esm2/lr_1e-4_wd_1e-4_ae_do_0.2_esm_do_0.1_seed_42,,source_1,/Users/josh/GWU/research/v5/encoder_lr_1e-4/unfrozen/tuning/linear/trained_autoencoder+esm2/lr_1e-4_wd_1e-4_ae_do_0.2_esm_do_0.1_seed_42,1.0,0.68563021088769,0.5195020376279353,0.722990492653414
solubility,v5,trained_autoencoder+esm2,fine_tuned,False,False,v5,mlp,42,end_to_end_tuning,0.0001,0.0001,1e-06,1e-06,1e-06,0.0,0.1,0.0,0.0,complete,Code/results/classifier/solubility/v5/unfrozen/tuning/mlp/trained_autoencoder+esm2/lr_1e-4_wd_0_do_0.1_rep_lr_1e-6_ae_do_0_esm_do_0_seed_42,True,/home/ubuntu/protein-sequence-augmentation/checkpoints/classifier/solubility/v5/unfrozen/tuning/mlp/trained_autoencoder+esm2/lr_1e-4_wd_0_do_0.1_ae_do_0_esm_do_0_seed_42,,source_3,/Users/josh/GWU/research/v5/encoder_lr_1e-6/unfrozen/tuning/mlp/trained_autoencoder+esm2/lr_1e-4_wd_0_do_0.1_ae_do_0_esm_do_0_seed_42,3.0,0.7157964309319234,0.48610760867853253,0.7522327859406511
solubility,v5,trained_autoencoder+esm2,fine_tuned,False,False,v5,mlp,42,end_to_end_tuning,0.0001,0.0001,1e-06,1e-06,1e-06,0.0,0.1,0.1,0.05,complete,Code/results/classifier/solubility/v5/unfrozen/tuning/mlp/trained_autoencoder+esm2/lr_1e-4_wd_0_do_0.1_rep_lr_1e-6_ae_do_0.1_esm_do_0.05_seed_42,True,/home/ubuntu/protein-sequence-augmentation/checkpoints/classifier/solubility/v5/unfrozen/tuning/mlp/trained_autoencoder+esm2/lr_1e-4_wd_0_do_0.1_ae_do_0.1_esm_do_0.05_seed_42,,source_3,/Users/josh/GWU/research/v5/encoder_lr_1e-6/unfrozen/tuning/mlp/trained_autoencoder+esm2/lr_1e-4_wd_0_do_0.1_ae_do_0.1_esm_do_0.05_seed_42,3.0,0.7161803713527851,0.48571661776680314,0.7533851915874388
solubility,v5,trained_autoencoder+esm2,fine_tuned,False,False,v5,mlp,42,end_to_end_tuning,0.0001,0.0001,1e-06,1e-06,1e-06,0.0,0.1,0.2,0.1,complete,Code/results/classifier/solubility/v5/unfrozen/tuning/mlp/trained_autoencoder+esm2/lr_1e-4_wd_0_do_0.1_rep_lr_1e-6_ae_do_0.2_esm_do_0.1_seed_42,True,/home/ubuntu/protein-sequence-augmentation/checkpoints/classifier/solubility/v5/unfrozen/tuning/mlp/trained_autoencoder+esm2/lr_1e-4_wd_0_do_0.1_ae_do_0.2_esm_do_0.1_seed_42,,source_3,/Users/josh/GWU/research/v5/encoder_lr_1e-6/unfrozen/tuning/mlp/trained_autoencoder+esm2/lr_1e-4_wd_0_do_0.1_ae_do_0.2_esm_do_0.1_seed_42,8.0,0.7185649009984769,0.4806329830515045,0.7604436761740132
solubility,v5,trained_autoencoder+esm2,fine_tuned,False,False,v5,mlp,42,end_to_end_tuning,0.0001,0.0001,1e-06,1e-06,1e-06,0.0001,0.1,0.0,0.0,complete,Code/results/classifier/solubility/v5/unfrozen/tuning/mlp/trained_autoencoder+esm2/lr_1e-4_wd_1e-4_do_0.1_rep_lr_1e-6_ae_do_0_esm_do_0_seed_42,True,/home/ubuntu/protein-sequence-augmentation/checkpoints/classifier/solubility/v5/unfrozen/tuning/mlp/trained_autoencoder+esm2/lr_1e-4_wd_1e-4_do_0.1_ae_do_0_esm_do_0_seed_42,,source_3,/Users/josh/GWU/research/v5/encoder_lr_1e-6/unfrozen/tuning/mlp/trained_autoencoder+esm2/lr_1e-4_wd_1e-4_do_0.1_ae_do_0_esm_do_0_seed_42,3.0,0.7138584247258225,0.48521075069097236,0.7519446845289542
solubility,v5,trained_autoencoder+esm2,fine_tuned,False,False,v5,mlp,42,end_to_end_tuning,0.0001,0.0001,1e-06,1e-06,1e-06,0.0001,0.1,0.1,0.05,complete,Code/results/classifier/solubility/v5/unfrozen/tuning/mlp/trained_autoencoder+esm2/lr_1e-4_wd_1e-4_do_0.1_rep_lr_1e-6_ae_do_0.1_esm_do_0.05_seed_42,True,/home/ubuntu/protein-sequence-augmentation/checkpoints/classifier/solubility/v5/unfrozen/tuning/mlp/trained_autoencoder+esm2/lr_1e-4_wd_1e-4_do_0.1_ae_do_0.1_esm_do_0.05_seed_42,,source_3,/Users/josh/GWU/research/v5/encoder_lr_1e-6/unfrozen/tuning/mlp/trained_autoencoder+esm2/lr_1e-4_wd_1e-4_do_0.1_ae_do_0.1_esm_do_0.05_seed_42,3.0,0.7132752097384438,0.4864698535631521,0.7489196197061365
solubility,v5,trained_autoencoder+esm2,fine_tuned,False,False,v5,mlp,42,end_to_end_tuning,0.0001,0.0001,1e-06,1e-06,1e-06,0.0001,0.1,0.2,0.1,complete,Code/results/classifier/solubility/v5/unfrozen/tuning/mlp/trained_autoencoder+esm2/lr_1e-4_wd_1e-4_do_0.1_rep_lr_1e-6_ae_do_0.2_esm_do_0.1_seed_42,True,/home/ubuntu/protein-sequence-augmentation/checkpoints/classifier/solubility/v5/unfrozen/tuning/mlp/trained_autoencoder+esm2/lr_1e-4_wd_1e-4_do_0.1_ae_do_0.2_esm_do_0.1_seed_42,,source_3,/Users/josh/GWU/research/v5/encoder_lr_1e-6/unfrozen/tuning/mlp/trained_autoencoder+esm2/lr_1e-4_wd_1e-4_do_0.1_ae_do_0.2_esm_do_0.1_seed_42,8.0,0.7174872665534805,0.47636848354126665,0.7602996254681648
solubility,v5,trained_autoencoder+esm2,fine_tuned,False,False,v5,mlp,42,end_to_end_tuning,0.0001,0.0001,1e-05,1e-05,1e-05,0.0,0.1,0.0,0.0,complete,Code/results/classifier/solubility/v5/unfrozen/tuning/mlp/trained_autoencoder+esm2/lr_1e-4_wd_0_do_0.1_rep_lr_1e-5_ae_do_0_esm_do_0_seed_42,True,/home/ubuntu/protein-sequence-augmentation/checkpoints/classifier/solubility/v5/unfrozen/tuning/mlp/trained_autoencoder+esm2/lr_1e-4_wd_0_do_0.1_ae_do_0_esm_do_0_seed_42,,source_2,/Users/josh/GWU/research/v5/encoder_lr_1e-5/unfrozen/tuning/mlp/trained_autoencoder+esm2/lr_1e-4_wd_0_do_0.1_ae_do_0_esm_do_0_seed_42,4.0,0.7228365806564858,0.5184284095778241,0.7725439354652838
solubility,v5,trained_autoencoder+esm2,fine_tuned,False,False,v5,mlp,42,end_to_end_tuning,0.0001,0.0001,1e-05,1e-05,1e-05,0.0,0.1,0.1,0.05,complete,Code/results/classifier/solubility/v5/unfrozen/tuning/mlp/trained_autoencoder+esm2/lr_1e-4_wd_0_do_0.1_rep_lr_1e-5_ae_do_0.1_esm_do_0.05_seed_42,True,/home/ubuntu/protein-sequence-augmentation/checkpoints/classifier/solubility/v5/unfrozen/tuning/mlp/trained_autoencoder+esm2/lr_1e-4_wd_0_do_0.1_ae_do_0.1_esm_do_0.05_seed_42,,source_2,/Users/josh/GWU/research/v5/encoder_lr_1e-5/unfrozen/tuning/mlp/trained_autoencoder+esm2/lr_1e-4_wd_0_do_0.1_ae_do_0.1_esm_do_0.05_seed_42,4.0,0.7262028383523711,0.5174668776185325,0.7721117833477384
solubility,v5,trained_autoencoder+esm2,fine_tuned,False,False,v5,mlp,42,end_to_end_tuning,0.0001,0.0001,1e-05,1e-05,1e-05,0.0,0.1,0.2,0.1,complete,Code/results/classifier/solubility/v5/unfrozen/tuning/mlp/trained_autoencoder+esm2/lr_1e-4_wd_0_do_0.1_rep_lr_1e-5_ae_do_0.2_esm_do_0.1_seed_42,True,/home/ubuntu/protein-sequence-augmentation/checkpoints/classifier/solubility/v5/unfrozen/tuning/mlp/trained_autoencoder+esm2/lr_1e-4_wd_0_do_0.1_ae_do_0.2_esm_do_0.1_seed_42,,source_2,/Users/josh/GWU/research/v5/encoder_lr_1e-5/unfrozen/tuning/mlp/trained_autoencoder+esm2/lr_1e-4_wd_0_do_0.1_ae_do_0.2_esm_do_0.1_seed_42,4.0,0.7233893557422969,0.5072446376196901,0.7723998847594353
solubility,v5,trained_autoencoder+esm2,fine_tuned,False,False,v5,mlp,42,end_to_end_tuning,0.0001,0.0001,1e-05,1e-05,1e-05,0.0001,0.1,0.0,0.0,complete,Code/results/classifier/solubility/v5/unfrozen/tuning/mlp/trained_autoencoder+esm2/lr_1e-4_wd_1e-4_do_0.1_rep_lr_1e-5_ae_do_0_esm_do_0_seed_42,True,/home/ubuntu/protein-sequence-augmentation/checkpoints/classifier/solubility/v5/unfrozen/tuning/mlp/trained_autoencoder+esm2/lr_1e-4_wd_1e-4_do_0.1_ae_do_0_esm_do_0_seed_42,,source_2,/Users/josh/GWU/research/v5/encoder_lr_1e-5/unfrozen/tuning/mlp/trained_autoencoder+esm2/lr_1e-4_wd_1e-4_do_0.1_ae_do_0_esm_do_0_seed_42,3.0,0.7200973574408901,0.4621994608556527,0.7680783635839815
solubility,v5,trained_autoencoder+esm2,fine_tuned,False,False,v5,mlp,42,end_to_end_tuning,0.0001,0.0001,1e-05,1e-05,1e-05,0.0001,0.1,0.1,0.05,complete,Code/results/classifier/solubility/v5/unfrozen/tuning/mlp/trained_autoencoder+esm2/lr_1e-4_wd_1e-4_do_0.1_rep_lr_1e-5_ae_do_0.1_esm_do_0.05_seed_42,True,/home/ubuntu/protein-sequence-augmentation/checkpoints/classifier/solubility/v5/unfrozen/tuning/mlp/trained_autoencoder+esm2/lr_1e-4_wd_1e-4_do_0.1_ae_do_0.1_esm_do_0.05_seed_42,,source_2,/Users/josh/GWU/research/v5/encoder_lr_1e-5/unfrozen/tuning/mlp/trained_autoencoder+esm2/lr_1e-4_wd_1e-4_do_0.1_ae_do_0.1_esm_do_0.05_seed_42,3.0,0.7251299826689774,0.4617595760528995,0.7715355805243446
solubility,v5,trained_autoencoder+esm2,fine_tuned,False,False,v5,mlp,42,end_to_end_tuning,0.0001,0.0001,1e-05,1e-05,1e-05,0.0001,0.1,0.2,0.1,complete,Code/results/classifier/solubility/v5/unfrozen/tuning/mlp/trained_autoencoder+esm2/lr_1e-4_wd_1e-4_do_0.1_rep_lr_1e-5_ae_do_0.2_esm_do_0.1_seed_42,True,/home/ubuntu/protein-sequence-augmentation/checkpoints/classifier/solubility/v5/unfrozen/tuning/mlp/trained_autoencoder+esm2/lr_1e-4_wd_1e-4_do_0.1_ae_do_0.2_esm_do_0.1_seed_42,,source_2,/Users/josh/GWU/research/v5/encoder_lr_1e-5/unfrozen/tuning/mlp/trained_autoencoder+esm2/lr_1e-4_wd_1e-4_do_0.1_ae_do_0.2_esm_do_0.1_seed_42,3.0,0.7205293400661675,0.4600155504403764,0.7687986171132238
solubility,v5,trained_autoencoder+esm2,fine_tuned,False,False,v5,mlp,42,end_to_end_tuning,0.0001,0.0001,0.0001,0.0001,0.0001,0.0,0.1,0.0,0.0,complete,Code/results/classifier/solubility/v5/unfrozen/tuning/mlp/trained_autoencoder+esm2/lr_1e-4_wd_0_do_0.1_rep_lr_1e-4_ae_do_0_esm_do_0_seed_42,True,/home/ubuntu/protein-sequence-augmentation/checkpoints/classifier/solubility/v5/unfrozen/tuning/mlp/trained_autoencoder+esm2/lr_1e-4_wd_0_do_0.1_ae_do_0_esm_do_0_seed_42,,source_1,/Users/josh/GWU/research/v5/encoder_lr_1e-4/unfrozen/tuning/mlp/trained_autoencoder+esm2/lr_1e-4_wd_0_do_0.1_ae_do_0_esm_do_0_seed_42,3.0,0.72,0.46420018737682245,0.7650532987611639
solubility,v5,trained_autoencoder+esm2,fine_tuned,False,False,v5,mlp,42,end_to_end_tuning,0.0001,0.0001,0.0001,0.0001,0.0001,0.0,0.1,0.1,0.05,complete,Code/results/classifier/solubility/v5/unfrozen/tuning/mlp/trained_autoencoder+esm2/lr_1e-4_wd_0_do_0.1_rep_lr_1e-4_ae_do_0.1_esm_do_0.05_seed_42,True,/home/ubuntu/protein-sequence-augmentation/checkpoints/classifier/solubility/v5/unfrozen/tuning/mlp/trained_autoencoder+esm2/lr_1e-4_wd_0_do_0.1_ae_do_0.1_esm_do_0.05_seed_42,,source_1,/Users/josh/GWU/research/v5/encoder_lr_1e-4/unfrozen/tuning/mlp/trained_autoencoder+esm2/lr_1e-4_wd_0_do_0.1_ae_do_0.1_esm_do_0.05_seed_42,3.0,0.7150241212956582,0.47413001220874024,0.7617401325266494
solubility,v5,trained_autoencoder+esm2,fine_tuned,False,False,v5,mlp,42,end_to_end_tuning,0.0001,0.0001,0.0001,0.0001,0.0001,0.0,0.1,0.2,0.1,failed,,False,/home/ubuntu/protein-sequence-augmentation/checkpoints/classifier/solubility/v5/unfrozen/tuning/mlp/trained_autoencoder+esm2/lr_1e-4_wd_0_do_0.1_ae_do_0.2_esm_do_0.1_seed_42,Non-finite gradient norm in training batch 3822.,source_1,/Users/josh/GWU/research/v5/encoder_lr_1e-4/unfrozen/tuning/mlp/trained_autoencoder+esm2/lr_1e-4_wd_0_do_0.1_ae_do_0.2_esm_do_0.1_seed_42,,,,
solubility,v5,trained_autoencoder+esm2,fine_tuned,False,False,v5,mlp,42,end_to_end_tuning,0.0001,0.0001,0.0001,0.0001,0.0001,0.0001,0.1,0.0,0.0,complete,Code/results/classifier/solubility/v5/unfrozen/tuning/mlp/trained_autoencoder+esm2/lr_1e-4_wd_1e-4_do_0.1_rep_lr_1e-4_ae_do_0_esm_do_0_seed_42,True,/home/ubuntu/protein-sequence-augmentation/checkpoints/classifier/solubility/v5/unfrozen/tuning/mlp/trained_autoencoder+esm2/lr_1e-4_wd_1e-4_do_0.1_ae_do_0_esm_do_0_seed_42,,source_1,/Users/josh/GWU/research/v5/encoder_lr_1e-4/unfrozen/tuning/mlp/trained_autoencoder+esm2/lr_1e-4_wd_1e-4_do_0.1_ae_do_0_esm_do_0_seed_42,8.0,0.7110285424759332,0.47601929105210805,0.7535292422932872
solubility,v5,trained_autoencoder+esm2,fine_tuned,False,False,v5,mlp,42,end_to_end_tuning,0.0001,0.0001,0.0001,0.0001,0.0001,0.0001,0.1,0.1,0.05,complete,Code/results/classifier/solubility/v5/unfrozen/tuning/mlp/trained_autoencoder+esm2/lr_1e-4_wd_1e-4_do_0.1_rep_lr_1e-4_ae_do_0.1_esm_do_0.05_seed_42,True,/home/ubuntu/protein-sequence-augmentation/checkpoints/classifier/solubility/v5/unfrozen/tuning/mlp/trained_autoencoder+esm2/lr_1e-4_wd_1e-4_do_0.1_ae_do_0.1_esm_do_0.05_seed_42,,source_1,/Users/josh/GWU/research/v5/encoder_lr_1e-4/unfrozen/tuning/mlp/trained_autoencoder+esm2/lr_1e-4_wd_1e-4_do_0.1_ae_do_0.1_esm_do_0.05_seed_42,3.0,0.6879615952732644,0.4799571332911599,0.7565543071161048
solubility,v5,trained_autoencoder+esm2,fine_tuned,False,False,v5,mlp,42,end_to_end_tuning,0.0001,0.0001,0.0001,0.0001,0.0001,0.0001,0.1,0.2,0.1,complete,Code/results/classifier/solubility/v5/unfrozen/tuning/mlp/trained_autoencoder+esm2/lr_1e-4_wd_1e-4_do_0.1_rep_lr_1e-4_ae_do_0.2_esm_do_0.1_seed_42,True,/home/ubuntu/protein-sequence-augmentation/checkpoints/classifier/solubility/v5/unfrozen/tuning/mlp/trained_autoencoder+esm2/lr_1e-4_wd_1e-4_do_0.1_ae_do_0.2_esm_do_0.1_seed_42,,source_1,/Users/josh/GWU/research/v5/encoder_lr_1e-4/unfrozen/tuning/mlp/trained_autoencoder+esm2/lr_1e-4_wd_1e-4_do_0.1_ae_do_0.2_esm_do_0.1_seed_42,3.0,0.6933760683760684,0.47778240281544376,0.7519446845289542
